Spotify ID,Title,Artists,Year,Rank,Genres,Acousticness,Energy,Instrumentalness,Key,Liveness,Loudness,Mode,Speechiness,Tempo,Time Signature,Valence
50kpGaPAhYJ3sGmk6vplg0,Love Yourself,Justin Bieber,2016,1,"canadian pop, pop",0.835,0.378,0,4,0.28,-9.828,1,0.438,100.418,4,0.515
09CtPGIpYB4BrO8qb1RGsF,Sorry,Justin Bieber,2016,2,"canadian pop, pop",0.0797,0.76,0,0,0.299,-3.669,0,0.045,99.945,4,0.41
1zi7xx7UVEFkmKfv06H8x0,One Dance,Drake Featuring WizKid & Kyla,2016,3,"canadian hip hop, canadian pop, hip hop, rap, toronto rap, afro dancehall, afropop, azonto, nigerian hip hop, nigerian pop, uk funky",0.00776,0.625,0.0018,1,0.329,-5.609,1,0.0536,103.967,4,0.37
2wAJTrFhCnQyNSD3oUgTZO,Work Out,Rihanna Featuring Drake,2016,4,"conscious hip hop, hip hop, north carolina hip hop, rap",0.0531,0.427,0,2,0.307,-6.903,1,0.106,93.004,4,0.216
3CRDbSIZ4r5MsZ0YwxuEkn,Stressed Out,twenty one pilots,2016,5,"modern rock, rock",0.0462,0.637,2.29E-05,4,0.0602,-5.677,0,0.141,169.977,4,0.648
275a9yzwGB6ncAW4SxY7q3,Panda,Desiigner,2016,6,"pop rap, rap, trap, viral trap",0.0292,0.731,0,10,0.369,-5.503,0,0.414,145.245,4,0.266
62PaSfnXSMyLshYJrlTuL3,Hello,Adele,2016,7,"british soul, pop, pop soul, uk pop",0.33,0.43,0,5,0.0854,-6.134,0,0.0305,78.991,4,0.288
1i1fxkWeaMmKEB4T7zqbzK,Don't Let Me Down,The Chainsmokers Featuring Daya,2016,8,"pop, electropop, edm, dance pop, tropical house, pop dance",0.157,0.869,0.00508,11,0.136,-5.094,1,0.172,159.803,4,0.422
1WkMMavIMc4JZ8cfMmxHkI,"CAN'T STOP THE FEELING! (Original Song from DreamWorks Animation's ""TROLLS"")",Justin Timberlake,2016,9,"dance pop, pop",0.0106,0.832,0,0,0.0968,-5.72,1,0.0682,113.035,4,0.7
7BKLCZ1jbUBVqRi2FVlTVw,Closer,The Chainsmokers Featuring Halsey,2016,10,"pop, electropop, dance pop",0.414,0.524,0,8,0.111,-5.599,1,0.0338,95.01,4,0.661
5kqIPrATaCc2LqxVWzQGbk,7 Years,Lukas Graham,2016,12,"danish pop, pop, scandipop",0.287,0.473,0,10,0.391,-5.829,1,0.0514,119.992,4,0.34
4pAl7FkDMNBsjykPXo91B3,Needed Me,Rihanna,2016,13,"barbadian pop, dance pop, pop, pop rap, urban contemporary",0.11,0.314,0,5,0.0825,-8.091,0,0.244,110.898,4,0.296
6Knv6wdA0luoMUuuoYi2i1,My House,Flo Rida,2016,14,"dance pop, miami hip hop, pop, pop rap",0.0215,0.702,0,7,0.128,-4.792,0,0.0499,94.006,4,0.74
1MtUq6Wp1eQ8PC6BbPCj8P,I Took A Pill In Ibiza - Seeb Remix,Mike Posner,2016,15,"pop, edm, dance pop",0.0353,0.714,8.42E-06,7,0.0843,-6.645,0,0.111,101.969,4,0.71
4tCtwWceOPWzenK2HAIJSb,Work from Home (feat. Ty Dolla $ign),Fifth Harmony Featuring Ty Dolla $ign,2016,16,pop,0.103,0.585,3.94E-06,8,0.0644,-5.861,1,0.0432,105.017,4,0.593
0azC730Exh71aQlOt9Zj3y,This Is What You Came For (feat. Rihanna),Calvin Harris Featuring Rihanna,2016,17,"pop, pop rap, dance pop",0.199,0.927,0.119,9,0.148,-2.787,0,0.0332,123.962,4,0.465
76hfruVvmfQbw0eYn1nmeC,Cake By The Ocean,DNCE,2016,18,"dance pop, pop, post-teen pop",0.152,0.753,0,4,0.0371,-5.446,0,0.0517,119.002,4,0.896
40YcuQysJ0KlGQTeGUosTC,"Me, Myself & I",G-Eazy x Bebe Rexha,2016,19,pop,0.0184,0.674,0,0,0.158,-6.518,0,0.0959,111.995,4,0.389
2Z8WuEywRWYTKe1NybPQEW,Ride,twenty one pilots,2016,20,"modern rock, rock",0.00835,0.713,0,6,0.113,-5.355,1,0.0393,74.989,4,0.566
6i0V12jOa3mr6uu4WYhUBr,Heathens,twenty one pilots,2016,21,"modern rock, rock",0.0841,0.396,3.58E-05,4,0.105,-9.348,0,0.0286,90.024,4,0.548
0PDUDa38GO8lMxLCRc4lL1,PILLOWTALK,Zayn,2016,22,"dance pop, pop, post-teen pop, uk pop",0.117,0.7,0,11,0.0939,-4.275,1,0.0456,124.944,4,0.438
5jsw9uXEGuKyJzs0boZ1bT,Stitches,Shawn Mendes,2016,23,"canadian pop, dance pop, pop, viral pop",0.0151,0.754,0,1,0.0486,-6.684,1,0.0615,149.789,4,0.755
0wwPcA6wtMf6HUMpIRdeP7,Hotline Bling,Drake,2016,24,"canadian hip hop, canadian pop, hip hop, rap, toronto rap",0.00258,0.628,0.00019,2,0.0504,-7.863,1,0.0551,134.966,4,0.552
7zsXy7vlHdItvUSH8EwQss,Cold Water,Major Lazer Featuring Justin Bieber & MO,2016,25,"pop, dance pop, tropical house",0.0736,0.798,0,6,0.156,-5.092,0,0.0432,92.943,4,0.501
0t7fVeEJxO2Xi4H2K5Svc9,Send My Love (To Your New Lover),Adele,2016,26,"british soul, pop, pop soul, uk pop",0.0355,0.533,3.48E-06,6,0.172,-8.363,0,0.0865,164.069,4,0.567
0zLCBJZSiELJf02ucPP9wb,Roses - Imanbek Remix,The Chainsmokers Featuring Rozes,2016,27,slap house,0.0143,0.719,0.00777,8,0.359,-5.472,1,0.0474,121.955,4,0.863
3QGsuHI8jO1Rx4JWLUh9jd,Treat You Better,Shawn Mendes,2016,28,"canadian pop, dance pop, pop, viral pop",0.106,0.819,0,10,0.107,-4.078,0,0.341,82.695,4,0.747
3VlbOrM6nYPprVvzBZllE5,Too Good At Goodbyes,Drake Featuring Rihanna,2016,29,"dance pop, pop, uk pop",0.64,0.372,0,5,0.169,-8.237,1,0.0432,91.873,4,0.476
7EiZI6JVHllARrX9PUvAdX,Low Life (feat. The Weeknd),Future Featuring The Weeknd,2016,30,"atl hip hop, pop rap, rap, southern hip hop, trap, canadian contemporary r&b, canadian pop, pop",0.337,0.331,0.283,8,0.146,-7.789,1,0.0725,143.974,4,0.102
4B0JvthVoAAuygILe3n4Bs,What Do You Mean?,Justin Bieber,2016,31,"canadian pop, pop",0.59,0.567,0.00142,5,0.0811,-8.118,0,0.0956,125.02,4,0.793
7fBv7CLKzipRk6EC6TWHOB,The Hills,The Weeknd,2016,32,"canadian contemporary r&b, canadian pop, pop",0.0671,0.564,0,0,0.135,-7.063,0,0.0515,113.003,4,0.137
7K5dzhGda2vRTaAWYI3hrb,"Just Like Fire (From the Original Motion Picture ""Alice Through The Looking Glass"")",P!nk,2016,33,"dance pop, pop",0.0114,0.701,0,7,0.108,-5.921,1,0.146,162.958,4,0.497
0qy5D3OJre7SPJNMOL9I71,Broccoli,D.R.A.M. Featuring Lil Yachty,2016,34,rap,0.236,0.525,0,8,0.057,-7.39,1,0.132,145.99,4,0.708
3pXF1nA74528Edde4of9CC,Don't,Bryson Tiller,2016,35,"kentucky hip hop, pop, pop rap, r&b, rap, trap",0.223,0.356,0,11,0.0963,-5.556,0,0.195,96.991,4,0.189
27GmP9AWRs744SzKcpJsTZ,Jumpman,Drake & Future,2016,37,rap,0.0559,0.553,0,1,0.332,-7.286,1,0.187,142.079,4,0.656
7vRriwrloYVaoAe3a9wJHe,"i hate u, i love u (feat. olivia o'brien)",gnash Featuring Olivia O'Brien,2016,38,"pop, electropop, alt z",0.687,0.275,0,6,0.101,-13.4,0,0.3,92.6,4,0.18
1BZG99C7Co1r6QUC3zaS59,Same Old Love,Selena Gomez,2016,40,"dance pop, pop, post-teen pop",0.0223,0.593,0,11,0.214,-4.01,0,0.0304,98.02,4,0.438
3O8NlPh2LByMU9lSRSHedm,Controlla,Drake,2016,41,"canadian hip hop, canadian pop, hip hop, rap, toronto rap",0.0789,0.468,0,10,0.101,-11.083,0,0.185,92.287,4,0.349
2YlZnw2ikdb837oKMKjBkW,Like I'm Gonna Lose You (feat. John Legend),Meghan Trainor Featuring John Legend,2016,42,pop,0.4,0.53,0,0,0.177,-7.259,1,0.0434,108.038,3,0.417
7soJgKhQTO8hLP2JPRkL5O,One Call Away,Charlie Puth,2016,43,"dance pop, pop, viral pop",0.403,0.613,0,1,0.115,-5.353,1,0.0344,91.024,4,0.47
13HVjjWUZFaWilh2QUJKsP,Let It Go,James Bay,2016,44,"modern rock, neo mellow, pop, pop rock",0.818,0.311,1.65E-05,1,0.107,-10.396,1,0.0288,147.464,4,0.246
6hmhG1b4LEyNuashVvuIAo,Never Forget You,Zara Larsson & MNEK,2016,46,"dance pop, edm, electropop, pop, pop dance, post-teen pop, scandipop, swedish electropop, swedish pop, tropical house, uk contemporary r&b, uk dance",0.00312,0.732,9.86E-06,11,0.269,-5.728,0,0.0457,145.992,4,0.276
0lYBSQXN6rCTvUZvg9S0lU,Let Me Love You,DJ Snake Featuring Justin Bieber,2016,47,pop,0.0863,0.716,2.63E-05,8,0.135,-5.371,1,0.0349,99.988,4,0.163
27PmvZoffODNFW2p7ehZTQ,Don't Mind,Kent Jones,2016,48,"miami hip hop, viral trap",0.0235,0.771,0,8,0.063,-4.503,1,0.336,158.777,4,0.69
0BCy325UZyR9z0t0uxwn2N,H.O.L.Y.,Florida Georgia Line,2016,49,"contemporary country, country, country pop, country road, modern country rock",0.401,0.666,0,7,0.0728,-4.081,0,0.0327,78.077,4,0.564
37FXw5QGFN7uwwsLy8uAc0,We Don't Talk Anymore (feat. Selena Gomez),Charlie Puth Featuring Selena Gomez,2016,50,"pop, dance pop",0.621,0.563,0,1,0.179,-8.053,0,0.134,100.017,4,0.352
45S5WTQEGOB1VHr1Q4FuPl,Golden,Kiiara,2016,52,pop,0.21,0.838,0.000131,4,0.131,-5.257,0,0.0557,139.863,4,0.254
43PuMrRfbyyuz4QpZ3oAwN,Exchange,Bryson Tiller,2016,53,"kentucky hip hop, pop, pop rap, r&b, rap, trap",0.107,0.433,0,6,0.135,-10.598,1,0.185,160.108,4,0.276
5NQbUaeTEOGdD6hHcre0dZ,679 (feat. Remy Boyz),Fetty Wap Featuring Remy Boyz,2016,54,"new jersey rap, pop rap, rap, southern hip hop, trap",0.00256,0.717,0,7,0.625,-5.738,1,0.318,190.05,4,0.603
0PJIbOdMs3bd5AT8liULMQ,oui,Jeremih,2016,55,"chicago rap, dance pop, hip hop, pop, pop rap, r&b, southern hip hop, trap, urban contemporary",0.213,0.724,0,5,0.112,-3.724,1,0.0964,78.521,5,0.604
1LoriJC05IrHIDwj3q0KC1,Hands To Myself,Selena Gomez,2016,56,"dance pop, pop, post-teen pop",0.0147,0.499,2.44E-06,5,0.342,-7.161,0,0.118,111.016,4,0.466
0wdKiSBUT7aZkXUIdJWcwC,2 Phones,Kevin Gates,2016,57,"baton rouge rap, pop rap, rap, southern hip hop, trap",0.157,0.681,0,7,0.189,-5.267,0,0.358,121.918,4,0.554
7MXVkk9YMctZqd1Srtv4MB,Starboy,The Weeknd Featuring Daft Punk,2016,58,"canadian contemporary r&b, canadian pop, pop, electro, filter house",0.141,0.587,6.35E-06,7,0.137,-7.015,1,0.276,186.003,4,0.486
5WI2ltQIdwgzf1SNE76JyR,Never Be Like You (feat. Kai),Flume Featuring Kai,2016,60,"australian dance, australian electropop, australian indie, downtempo, edm",0.453,0.557,0,0,0.152,-5.476,1,0.0602,115.058,4,0.296
25KybV9BOUlvcnv7nN3Pyo,In The Night,The Weeknd,2016,61,"canadian contemporary r&b, canadian pop, pop",0.0796,0.68,0,7,0.0465,-4.993,1,0.0714,168.022,3,0.539
3yXFcbGxFn2au5q3pShkAe,Me Too,Meghan Trainor,2016,62,"baton rouge rap, pop rap, rap, southern hip hop, trap",0.152,0.605,0,7,0.642,-5.002,1,0.296,139.233,4,0.36
70eDxAyAraNTiD6lx2ZEnH,Ex's & Oh's,Elle King,2016,63,modern blues rock,0.0183,0.921,0,7,0.0576,-2.882,1,0.085,139.988,4,0.446
5kNe7PE09d6Kvw5pAsx23n,Die A Happy Man,Thomas Rhett,2016,64,"contemporary country, country, country road, modern country rock",0.418,0.389,1.39E-06,2,0.116,-9.245,1,0.0349,166.052,4,0.4
6eT7xZZlB2mwyzJ2sUKG6w,White Iverson,Post Malone,2016,65,"dfw rap, melodic rap, rap",0.233,0.562,0,7,0.0816,-7.678,1,0.0352,130.098,4,0.309
7BKLCZ1jbUBVqRi2FVlTVw,Closer,The Chainsmokers Featuring Halsey,2016,10,"pop, electropop, dance pop",0.414,0.524,0,8,0.111,-5.599,1,0.0338,95.01,4,0.661
7lGKEWMXVWWTt3X71Bv44I,Unsteady,X Ambassadors,2016,67,"modern alternative rock, modern rock, pop, pop rap, pop rock, rock, stomp pop",0.178,0.665,0.000732,0,0.116,-6.169,1,0.0644,117.055,4,0.199
4dASQiO1Eoo3RJvt74FtXB,"Sucker for Pain (with Wiz Khalifa, Imagine Dragons, Logic & Ty Dolla $ign feat. X Ambassadors)","Lil Wayne, Wiz Khalifa & Imagine Dragons With Logic & Ty Dolla $ign Feat. X Ambassadors",2016,68,"pop, modern rock, hip hop, pop rap, southern hip hop, rap, rock, trap",0.255,0.786,0,9,0.65,-4.378,0,0.317,169.021,4,0.739
09CtPGIpYB4BrO8qb1RGsF,Sorry,Justin Bieber,2016,2,"canadian pop, pop",0.0797,0.76,0,0,0.299,-3.669,0,0.045,99.945,4,0.41
22VdIZQfgXJea34mQxlt81,Can't Feel My Face,The Weeknd,2016,72,"canadian contemporary r&b, canadian pop, pop",0.113,0.769,0,9,0.105,-5.526,0,0.0425,107.949,4,0.583
3RiPr603aXAoi4GHyXx0uy,Hymn for the Weekend,Coldplay,2016,73,"permanent wave, pop",0.211,0.693,6.92E-06,0,0.325,-6.487,0,0.0377,90.027,4,0.412
6VoIBz0VhCyz7OdEoRYDiA,Say It Ain't So,Tory Lanez,2016,74,"alternative rock, modern power pop, modern rock, permanent wave, rock",0.00737,0.551,1.82E-05,3,0.07,-7.136,1,0.0352,151.779,4,0.453
1wHZx0LgzFHyeIZkUydNXq,Antidote,Travis Scott,2016,75,"rap, slap house",0.00767,0.526,0.000148,1,0.124,-5.046,1,0.032,131.05,4,0.131
4h0zU3O9R5xzuTmNO7dNDU,Lost Boy,Ruth B,2016,76,"alt z, canadian contemporary r&b, canadian pop, pop, post-teen pop",0.965,0.0565,0,7,0.0889,-15.099,1,0.0534,123.994,4,0.348
0EGuSSpuu9wmHCtvb4PdLO,"Sit Still, Look Pretty",Daya,2016,78,"alt z, dance pop, edm, electropop, pop, pop dance, post-teen pop, tropical house",0.14,0.74,0,2,0.106,-4.081,1,0.274,182.105,4,0.543
2JvzF1RMd7lE3KmFlsyZD8,MIDDLE CHILD,DJ Snake Featuring Bipolar Sunshine,2016,80,"conscious hip hop, hip hop, north carolina hip hop, rap",0.149,0.364,0,8,0.271,-11.713,1,0.276,123.984,4,0.463
5lXY6PTuWXOludKy4zDQwM,On My Mind,Ellie Goulding,2016,81,"edm, electro house, house",0.00165,0.731,0.633,7,0.217,-6.574,1,0.0409,123.026,4,0.635
7GgWAITsYJaRM3r50rfh5w,When We Were Young,Adele,2016,83,"british soul, pop, pop soul, uk pop",0.303,0.595,0,3,0.095,-5.936,1,0.0496,144.361,4,0.265
0uyZ5ckiIUbFZd3P6RWmrj,Hide Away,Daya,2016,84,"alt z, dance pop, edm, electropop, pop, pop dance, post-teen pop, tropical house",0.23,0.8,1.99E-06,11,0.0734,-4.714,0,0.0846,95.018,4,0.464
1Lim1Py7xBgbAkAys3AGAG,Lean On,Major Lazer & DJ Snake Featuring MO,2016,85,"pop, pop rap, edm, dance pop, tropical house, pop dance",0.00346,0.809,0.00123,7,0.565,-3.081,0,0.0625,98.007,4,0.274
2GyA33q5rti5IxkMQemRDH,I Know What You Did Last Summer,Shawn Mendes & Camila Cabello,2016,86,"pop, dance pop",0.102,0.761,0,9,0.147,-4.582,0,0.0876,113.939,4,0.743
5RIVoVdkDLEygELLCniZFr,Watch Me (Whip / Nae Nae),Silento,2016,88,"chicago bop, pinoy hip hop",0.247,0.759,0,8,0.321,-8.541,1,0.121,140.01,4,0.962
6dlpABcXrQKRU9G00i6Zba,Back To Sleep,Chris Brown,2016,89,"dance pop, pop, pop rap, r&b, rap",0.0424,0.646,0,9,0.0888,-5.483,0,0.243,92.981,4,0.721
2DQ1ITjI0YoLFzuADN1ZBW,No Limit,Usher Featuring Young Thug,2016,90,"pop, hip hop, pop rap, rap",0.0117,0.771,0,1,0.0853,-3.791,1,0.244,175.957,4,0.405
376KnY4TrgBITxjlnbnmIy,Cut It (feat. Young Dolph),O.T. Genasis Featuring Young Dolph,2016,91,"southern hip hop, rap, gangster rap, trap",0.135,0.673,0,7,0.292,-4.184,1,0.0932,130,4,0.231
10I3CmmwT0BkOVhduDy53o,Really Really,Kevin Gates,2016,92,"baton rouge rap, pop rap, rap, southern hip hop, trap",0.00427,0.666,0,0,0.127,-6.055,1,0.0916,118.97,4,0.278
7nD9nN3jord9wWcfW3Gkcm,All In My Head (Flex) (feat. Fetty Wap),Fifth Harmony Featuring Fetty Wap,2016,93,"dance pop, girl group, pop, post-teen pop, talent show, viral pop, new jersey rap, pop rap, rap, southern hip hop, trap",0.023,0.791,0,0,0.0526,-5.194,0,0.053,95.04,4,0.755
4Ce37cRWvM1vIGGynKcs22,Starving,Hailee Steinfeld & Grey Featuring Zedd,2016,94,"pop, dance pop",0.378,0.616,0,4,0.105,-4.238,1,0.0645,99.962,4,0.508
69uxyAqqPIsUyTO8txoP2M,Adventure of a Lifetime,Coldplay,2016,95,"permanent wave, pop",0.00205,0.924,0.000175,7,0.149,-3.887,1,0.036,111.995,4,0.53
4Pn0JlCUusD2QHjADuOzuV,Humble And Kind,Tim McGraw,2016,96,"contemporary country, country, country road",0.679,0.48,2.28E-06,11,0.12,-7.31,1,0.0282,100.956,3,0.137
6VwBbL8CzPiC4QV66ay7oR,Wicked Games,Future,2016,97,"canadian contemporary r&b, canadian pop, pop",0.00959,0.591,5.27E-06,9,0.325,-5.197,1,0.0309,114.078,4,0.326
3NJG6vMH1ZsectZkocMEm0,Tiimmy Turner,Desiigner,2016,98,"pop rap, rap, trap, viral trap",0.174,0.725,0,6,0.0786,-3.054,1,0.0393,122.803,4,0.304
7KA4W4McWYRpgf0fWsJZWB,See You Again (feat. Kali Uchis),Wiz Khalifa Featuring Charlie Puth,2016,99,"hip hop, rap, colombian pop, pop",0.371,0.559,7.49E-06,6,0.109,-9.222,1,0.0959,78.558,4,0.62
0tgVpDi06FyKpA1z0VMD4v,Perfect,One Direction,2016,100,"pop, uk pop",0.163,0.448,0,8,0.106,-6.312,1,0.0232,95.05,3,0.168
7qiZfU4dY1lWllzX7mPBI3,Shape of You,Ed Sheeran,2017,1,"pop, uk pop",0.581,0.652,0,1,0.0931,-3.183,0,0.0802,95.977,4,0.931
6habFhsOp2NvshLv26DqMb,Despacito,Luis Fonsi & Daddy Yankee Featuring Justin Bieber,2017,2,latin,0.198,0.797,0,2,0.067,-4.787,1,0.153,177.928,4,0.839
0KKkJNfGyhkQ5aFogxQAPU,That's What I Like,Bruno Mars,2017,3,"dance pop, pop",0.013,0.56,0,1,0.0944,-4.961,1,0.0406,134.066,4,0.86
7KXjTSCq5nL1LoYtL7XAwS,HUMBLE.,Kendrick Lamar,2017,4,"conscious hip hop, hip hop, rap, west coast rap",0.000282,0.621,5.39E-05,1,0.0958,-6.638,0,0.102,150.011,4,0.421
6RUKPb4LETWmmr3iAEQktW,Something Just Like This,The Chainsmokers & Coldplay,2017,5,pop,0.0498,0.635,1.44E-05,11,0.164,-6.769,0,0.0317,103.019,4,0.446
4Km5HrUvYTaSUfiSGPJeQR,Bad and Boujee (feat. Lil Uzi Vert),Migos Featuring Lil Uzi Vert,2017,6,"rap, trap",0.061,0.665,0,11,0.123,-5.313,1,0.244,127.076,4,0.175
7BKLCZ1jbUBVqRi2FVlTVw,Closer,The Chainsmokers Featuring Halsey,2016,10,"pop, electropop, dance pop",0.414,0.524,0,8,0.111,-5.599,1,0.0338,95.01,4,0.661
7mldq42yDuxiUNn08nvzHO,Body Like A Back Road,Sam Hunt,2017,8,"contemporary country, country pop",0.447,0.458,0,5,0.136,-7.225,1,0.0311,98.938,4,0.661
0pqnGHJpmpxLKifKRmU6WP,Believer,Imagine Dragons,2017,9,"modern rock, pop, rock",0.0622,0.78,0,10,0.081,-4.374,0,0.128,124.949,4,0.666
3a1lNhkSLSkpJE4MSHpDu9,Congratulations,Post Malone Featuring Quavo,2017,10,"melodic rap, rap",0.215,0.804,0,6,0.253,-4.183,1,0.0363,123.146,4,0.492
5uCax9HTNlzGybIStD3vDh,Say You Won't Let Go,James Arthur,2017,11,"pop, talent show, uk pop",0.695,0.557,0,10,0.0902,-7.398,1,0.059,85.043,4,0.494
1jYiIOC5d6soxkJP81fxq2,"I'm the One (feat. Justin Bieber, Quavo, Chance the Rapper & Lil Wayne)","DJ Khaled Featuring Justin Bieber, Quavo, Chance The Rapper & Lil Wayne",2017,12,"pop, hip hop, pop rap, southern hip hop, rap, trap",0.0533,0.667,0,7,0.134,-4.267,1,0.0367,80.984,4,0.817
7GX5flRQZVHRAGd6B4TmDO,XO Tour Llif3,Lil Uzi Vert,2017,13,"melodic rap, philly rap, rap, trap",0.00264,0.75,0,11,0.109,-6.366,0,0.231,155.096,4,0.401
0VgkVdmE4gld66l8iyGjgx,Mask Off,Future,2017,14,"atl hip hop, pop rap, rap, southern hip hop, trap",0.0102,0.434,0.0219,2,0.165,-8.795,1,0.431,150.062,4,0.281
3B54sVLJ402zGa6Xm4YGNe,Unforgettable,French Montana Featuring Swae Lee,2017,15,trap,0.0293,0.769,0.0101,6,0.104,-5.043,1,0.123,97.985,4,0.733
6b8Be6ljOzmkOmFslEb23P,24K Magic,Bruno Mars,2017,16,"dance pop, pop",0.034,0.803,0,1,0.153,-4.282,1,0.0797,106.97,4,0.632
45XhKYRRkyeqoW3teSOkCM,Wild Thoughts (feat. Rihanna & Bryson Tiller),DJ Khaled Featuring Rihanna & Bryson Tiller,2017,18,"pop, pop rap, rap, trap",0.0287,0.681,0,8,0.126,-3.089,1,0.0778,97.621,4,0.619
6fujklziTHa8uoM5OQSfIo,Black Beatles,Rae Sremmurd Featuring Gucci Mane,2017,19,"hip hop, pop rap, southern hip hop, rap, trap",0.142,0.632,0,0,0.128,-6.163,1,0.0649,145.926,4,0.355
7MXVkk9YMctZqd1Srtv4MB,Starboy,The Weeknd Featuring Daft Punk,2016,58,"canadian contemporary r&b, canadian pop, pop, electro, filter house",0.141,0.587,6.35E-06,7,0.137,-7.015,1,0.276,186.003,4,0.486
152lZdxL1OR0ZMW6KquMif,Location,Khalid,2017,21,"pop, pop r&b",0.33,0.449,0.000162,1,0.0898,-11.462,0,0.425,80.126,4,0.326
5cF0dROlMOK5uNZtivgu50,Attention,Charlie Puth,2017,22,"dance pop, pop, viral pop",0.109,0.613,2.33E-05,3,0.134,-4.586,0,0.0542,100.066,4,0.797
7JJmb5XwzOO8jgpou264Ml,There's Nothing Holdin' Me Back,Shawn Mendes,2017,23,"canadian pop, dance pop, pop, viral pop",0.38,0.813,0,11,0.0779,-4.063,0,0.0554,121.998,4,0.969
0wXuerDYiBnERgIpbb3JBR,Redbone,Childish Gambino,2017,25,"atl hip hop, hip hop, pop rap, rap",0.167,0.347,0.00951,1,0.103,-11.174,1,0.121,160.143,4,0.572
2EEeOnHehOozLq4aS0n6SL,iSpy (feat. Lil Yachty),KYLE Featuring Lil Yachty,2017,28,rap,0.378,0.653,0,7,0.229,-6.745,1,0.289,75.016,4,0.672
7vu0JkJh0ldukEYbTVcqd0,Issues,Julia Michaels,2017,29,"alt z, dance pop, electropop, pop, post-teen pop",0.401,0.415,0,8,0.0616,-6.852,1,0.0639,114.145,4,0.455
0prNGof3XqfTvNDxHonvdK,Scars To Your Beautiful,Alessia Cara,2017,30,"canadian contemporary r&b, canadian pop, dance pop, electropop, pop, post-teen pop",0.0285,0.739,0,0,0.111,-5.74,1,0.129,97.085,4,0.451
5tz69p7tJuGPeMGwNTxYuV,1-800-273-8255,Logic Featuring Alessia Cara & Khalid,2017,31,pop,0.569,0.574,0,5,0.19,-7.788,0,0.0479,100.023,4,0.357
2cOUlop2ZakjOKe4WinesN,Slow Hands,Niall Horan,2017,32,"dance pop, pop, post-teen pop",0.011,0.425,0,0,0.055,-6.648,1,0.0464,85.896,4,0.848
5oO3drDxtziYU2H1X23ZIp,Love On The Brain,Rihanna,2017,33,"barbadian pop, dance pop, pop, pop rap, urban contemporary",0.0717,0.637,1.08E-05,4,0.0789,-4.83,0,0.0471,172.006,3,0.378
3dhjNA0jGA8vHBQ1VdD6vV,I Feel It Coming,The Weeknd Featuring Daft Punk,2017,34,"canadian contemporary r&b, canadian pop, pop, electro, filter house",0.428,0.819,0,0,0.0679,-5.946,0,0.118,92.987,4,0.585
0SGkqnVQo9KPytSri1H6cF,Bounce Back,Big Sean,2017,35,"detroit hip hop, hip hop, pop, pop rap, rap, southern hip hop, trap",0.106,0.575,0,1,0.129,-5.628,0,0.139,81.502,4,0.273
4Ro98RCK90oHqqSZUnTFq5,Strip That Down,Liam Payne Featuring Quavo,2017,36,"dance pop, pop, post-teen pop, atl hip hop, hip hop, melodic rap, pop rap, rap, southern hip hop, trap",0.22,0.497,0,6,0.0761,-5.484,1,0.0562,106.023,4,0.542
343YBumqHu19cGoGARUTsd,Fake Love,Drake,2017,37,"canadian hip hop, canadian pop, hip hop, rap, toronto rap",0.105,0.481,0,9,0.176,-9.35,0,0.287,134.007,4,0.613
1P17dC1amhFzptugyAO7Il,Look What You Made Me Do,Taylor Swift,2017,39,pop,0.204,0.709,1.41E-05,9,0.126,-6.471,0,0.123,128.07,4,0.506
6PCUP3dWmTjcTtXY02oFdT,Castle on the Hill,Ed Sheeran,2017,40,"pop, uk pop",0.0232,0.834,1.14E-05,2,0.14,-4.868,1,0.0989,135.007,4,0.471
1PSBzsahR2AKwLJgx8ehBj,Bad Things (with Camila Cabello),Machine Gun Kelly x Camila Cabello,2017,41,"ohio hip hop, pop rap, dance pop, pop, post-teen pop",0.214,0.691,0,2,0.185,-4.757,1,0.146,137.853,4,0.305
6tO5bxNnMuh1c3cziSpecA,Paris,The Chainsmokers,2017,42,"dark trap, new orleans rap, underground hip hop",0.0706,0.648,0.00636,7,0.0984,-6.188,1,0.0835,106.058,4,0.195
5knuzwU65gJK7IF5yJsuaW,Rockabye (feat. Sean Paul & Anne-Marie),Clean Bandit Featuring Sean Paul & Anne-Marie,2017,44,"pop, dance pop, tropical house, pop dance",0.406,0.763,0,9,0.18,-4.068,0,0.0523,101.965,4,0.742
6QgjcU0zLnzq5OrUoSZ3OK,Feel It Still,Portugal. The Man,2017,45,"indie rock, modern alternative rock, modern rock, rock",0.0417,0.795,0.000113,1,0.0717,-5.115,0,0.0504,79.028,4,0.754
0lYBSQXN6rCTvUZvg9S0lU,Let Me Love You,DJ Snake Featuring Justin Bieber,2016,47,pop,0.0863,0.716,2.63E-05,8,0.135,-5.371,1,0.0349,99.988,4,0.163
1WkMMavIMc4JZ8cfMmxHkI,"CAN'T STOP THE FEELING! (Original Song from DreamWorks Animation's ""TROLLS"")",Justin Timberlake,2016,9,"dance pop, pop",0.0106,0.832,0,0,0.0968,-5.72,1,0.0682,113.035,4,0.7
4ipnJyDU3Lq15qBAYNqlqK,Mi Gente,J Balvin & Willy William Featuring Beyonce,2017,50,"latin, reggaeton, reggaeton colombiano, trap latino, francoton",0.0179,0.687,1.17E-05,11,0.128,-4.818,0,0.0584,104.959,4,0.308
1zB4vmk8tFRmM9UULNzbLB,Thunder,Imagine Dragons,2017,51,"modern rock, pop, rock",0.00671,0.822,0.134,0,0.147,-4.833,1,0.0438,167.997,4,0.288
7KOlJ92bu51cltsD9KU5I7,T-Shirt,Migos,2017,52,"atl hip hop, pop rap, rap, trap",0.242,0.687,0,10,0.158,-3.744,0,0.217,139.023,4,0.486
4knL4iPxPOZjQzTUlELGSY,Rake It Up (feat. Nicki Minaj),Yo Gotti Featuring Nicki Minaj,2017,53,pop rap,0.022,0.444,0,1,0.137,-8.126,0,0.344,149.953,4,0.53
0AS63m1wHv9n4VVRizK6Hc,Mercy,Shawn Mendes,2017,54,"canadian pop, dance pop, pop, viral pop",0.125,0.662,0,11,0.111,-4.952,0,0.0827,148.128,4,0.356
4Q3N4Ct4zCuIHuZ65E3BD4,Tunnel Vision,Kodak Black,2017,55,"florida rap, hip hop, melodic rap, miami hip hop, rap, southern hip hop, trap",0.0576,0.489,9.91E-05,11,0.122,-7.724,0,0.294,171.853,4,0.231
7ytR5pFWmSjzHJIeQkgog4,ROCKSTAR (feat. Roddy Ricch),Post Malone Featuring 21 Savage,2017,56,rap,0.247,0.69,0,11,0.101,-7.956,1,0.164,89.977,4,0.497
10M2Ex445zw585Ducldzkw,In Case You Didn't Know,Brett Young,2017,57,contemporary country,0.386,0.536,0,10,0.102,-7.306,1,0.0305,147.986,4,0.434
6i0V12jOa3mr6uu4WYhUBr,Heathens,twenty one pilots,2016,21,"modern rock, rock",0.0841,0.396,3.58E-05,4,0.105,-9.348,0,0.0286,90.024,4,0.548
7i2DJ88J7jQ8K7zqFX2fW8,Now Or Never,Halsey,2017,59,"dance pop, electropop, etherpop, indie poptimism, pop",0.107,0.585,1.11E-06,6,0.131,-4.861,0,0.0354,110.03,4,0.447
5hTpBe8h35rJ67eAWHQsJx,Caroline,Amine,2017,60,"hip hop, pop, portland hip hop, rap, underground hip hop",0.17,0.335,0,5,0.262,-10.179,0,0.505,120.04,4,0.707
0pSBuHjILhNEo55xK1zrRt,Rolex,Ayo & Teo,2017,61,"social media pop, trap",0.0837,0.886,0,1,0.266,-2.512,1,0.04,144.946,4,0.789
6HZILIRieu8S0iqY8kIKhj,DNA.,Kendrick Lamar,2017,62,"conscious hip hop, hip hop, rap, west coast rap",0.00454,0.523,0,1,0.0842,-6.664,1,0.357,139.913,4,0.422
6mapJIPnQ23RTAevUoE0DL,Swang,Rae Sremmurd,2017,64,"hip hop, melodic rap, mississippi hip hop, pop rap, rap, southern hip hop, trap",0.2,0.314,9.82E-06,8,0.1,-9.319,1,0.0581,139.992,4,0.166
5mCPDVBb16L4XQwDdbRUpz,Passionfruit,Drake,2017,65,"canadian hip hop, canadian pop, hip hop, rap, toronto rap",0.256,0.463,0.085,11,0.109,-11.377,1,0.0396,111.98,4,0.364
6SwRhMLwNqEi6alNPVG00n,LOYALTY. FEAT. RIHANNA.,Kendrick Lamar Featuring Rihanna,2017,66,"conscious hip hop, hip hop, rap, west coast rap, barbadian pop, dance pop, pop, pop rap, urban contemporary",0.0265,0.535,0,9,0.2,-8.983,0,0.0573,110.684,4,0.419
0jdny0dhgjUwoIp5GkqEaA,Praying,Kesha,2017,67,"dance pop, electropop, pop, post-teen pop",0.489,0.39,0,10,0.111,-7.202,1,0.0322,73.415,4,0.303
6gBFPUFcJLzWGx4lenP6h2,goosebumps,Travis Scott,2017,68,"rap, slap house",0.0847,0.728,0,7,0.149,-3.37,1,0.0484,130.049,4,0.43
0qy5D3OJre7SPJNMOL9I71,Broccoli,D.R.A.M. Featuring Lil Yachty,2016,34,rap,0.236,0.525,0,8,0.057,-7.39,1,0.132,145.99,4,0.708
0nnwn7LWHCAu09jfuH1xTA,Slide,Calvin Harris Featuring Frank Ocean & Migos,2017,71,"alternative rock, neo mellow, permanent wave, pop rock, post-grunge, rock",0.00483,0.843,0,8,0.0404,-4.476,1,0.0374,112.423,4,0.481
7zVCrzzEJU7u24sbJPXA5W,What Ifs (feat. Lauren Alaina),Kane Brown Featuring Lauren Alaina,2017,72,"country road, contemporary country",0.00898,0.799,0,10,0.172,-4.603,1,0.0275,125.976,4,0.687
7qvxFz3JodM0A7xEM7k3YD,Chained To The Rhythm,Katy Perry Featuring Skip Marley,2017,73,"dance pop, pop, pop rap, post-teen pop, modern reggae",0.0814,0.8,0,0,0.199,-5.404,1,0.112,95.029,4,0.471
0LtOwyZoSNZKJWHqjzADpW,Feels Like We Only Go Backwards,"Calvin Harris Featuring Pharrell Williams, Katy Perry & Big Sean",2017,74,"australian psych, neo-psychedelic",0.0277,0.9,0.635,2,0.11,-2.352,0,0.0574,149.508,4,0.491
0SuLAslEMFZAXf0SwY7syi,All Time Low,Jon Bellion,2017,75,pop rap,0.0584,0.567,0,0,0.0933,-4.188,1,0.0828,90.246,4,0.505
3VlbOrM6nYPprVvzBZllE5,Too Good At Goodbyes,Drake Featuring Rihanna,2016,29,"dance pop, pop, uk pop",0.64,0.372,0,5,0.169,-8.237,1,0.0432,91.873,4,0.476
5Z3GHaZ6ec9bsiI5BenrbY,Young Dumb & Broke,Khalid,2017,78,"pop, pop r&b",0.199,0.539,1.66E-05,1,0.165,-6.351,1,0.0421,136.949,4,0.394
1e1JKLEDKP7hEQzJfNAgPl,Magnolia,Playboi Carti,2017,79,"atl hip hop, plugg, rap, trap",0.0114,0.582,0,11,0.35,-7.323,0,0.286,162.991,4,0.443
0q75NwOoFiARAVp4EXU4Bs,Love Galore (feat. Travis Scott),SZA Featuring Travis Scott,2017,80,rap,0.112,0.594,0,0,0.162,-6.2,1,0.0748,135.002,4,0.409
1f5cbQtDrykjarZVrShaDI,Drowning (feat. Kodak Black),A Boogie Wit da Hoodie Featuring Kodak Black,2017,81,"melodic rap, rap, trap",0.501,0.81,0,5,0.117,-5.274,0,0.0568,129.014,4,0.814
4Ce37cRWvM1vIGGynKcs22,Starving,Hailee Steinfeld & Grey Featuring Zedd,2016,94,"pop, dance pop",0.378,0.616,0,4,0.105,-4.238,1,0.0645,99.962,4,0.508
5tFep7dXGd7vEJ668wTPux,Both (feat. Drake),Gucci Mane Featuring Drake,2017,83,"hip hop, rap",0.119,0.405,0.000118,7,0.0707,-7.509,0,0.225,139.976,4,0.344
0Qh38w01QRXK6KHIv0e3hb,What About Us,P!nk,2017,84,"dance pop, pop",0.0285,0.588,2.11E-06,1,0.0906,-6.177,1,0.0507,113.617,4,0.187
6kex4EBAj0WHXDKZMEJaaF,Swalla (feat. Nicki Minaj & Ty Dolla $ign),Jason Derulo Featuring Nicki Minaj & Ty Dolla $ign,2017,85,"pop, pop rap, dance pop",0.075,0.817,0,1,0.187,-3.862,1,0.109,98.064,4,0.782
6p8NuHm8uCGnn2Dtbtf7zE,Slippery (feat. Gucci Mane),Migos Featuring Gucci Mane,2017,86,"pop rap, rap, atl hip hop, trap",0.307,0.674,0,1,0.104,-5.662,0,0.264,141.967,4,0.741
5Ohxk2dO5COHF1krpoPigN,Sign of the Times,Harry Styles,2017,87,pop,0.0275,0.595,0,5,0.109,-4.63,1,0.0313,119.972,4,0.222
4jL6WWKFDqCOPo2hC3VhSS,Water Under the Bridge,Adele,2017,88,"british soul, pop, pop soul, uk pop",0.0142,0.833,5.40E-06,5,0.105,-6.503,0,0.0615,94.963,4,0.538
6cmm1LMvZdB5zsCwX5BjqE,Down,Marian Hill,2017,90,pop rap,0.0101,0.68,0,2,0.0821,-4.498,1,0.0286,132.012,4,0.728
5lNuqFVMca4vPupY10cH0J,No Promises (feat. Demi Lovato),Cheat Codes Featuring Demi Lovato,2017,91,"pop, dance pop",0.0572,0.619,0,10,0.105,-6.669,1,0.162,112.961,4,0.58
3QGsuHI8jO1Rx4JWLUh9jd,Treat You Better,Shawn Mendes,2016,28,"canadian pop, dance pop, pop, viral pop",0.106,0.819,0,10,0.107,-4.078,0,0.341,82.695,4,0.747
1XRgIKC5TPwo7nWGyKqgG0,I Get the Bag (feat. Migos),Gucci Mane Featuring Migos,2017,93,"pop rap, rap, atl hip hop, trap",0.0232,0.633,0.000343,11,0.0993,-5.475,1,0.168,139.948,4,0.425
2YMhrXQYKkm4kXLcXKKd5z,Small Town Boy,Dustin Lynch,2017,94,"contemporary country, country, country road, modern country rock",0.0251,0.743,0,9,0.359,-6.016,1,0.0287,72.997,4,0.673
1rfofaqEpACxVEHIZBJe6W,Havana (feat. Young Thug),Camila Cabello Featuring Young Thug,2017,96,"dance pop, pop, post-teen pop, atl hip hop, atl trap, gangster rap, melodic rap, pop rap, rap, trap",0.184,0.523,3.56E-05,2,0.132,-4.333,1,0.03,104.988,4,0.394
2j5hsQvApottzvTn4pFJWF,What Lovers Do (feat. SZA),Maroon 5 Featuring SZA,2017,97,pop,0.0788,0.597,5.66E-06,5,0.1,-5.131,0,0.0611,110.001,4,0.419
7floNISpH8VF4z4459Qo18,Look At Me!,XXXTENTACION,2017,99,"emo rap, miami hip hop",0.259,0.726,0,1,0.0976,-6.405,1,0.282,139.059,4,0.349
5OUSPcqhYTOzpbXzoEvKim,The Fighter,Keith Urban Featuring Carrie Underwood,2017,100,"country road, contemporary country, country",0.0304,0.845,0,11,0.197,-5.147,0,0.0525,132.023,4,0.761
6DCZcSspjsKoFjzjrWoCdn,God's Plan,Drake,2018,1,"canadian hip hop, canadian pop, hip hop, rap, toronto rap",0.0332,0.449,8.29E-05,7,0.552,-9.211,1,0.109,77.169,4,0.357
0tgVpDi06FyKpA1z0VMD4v,Perfect,One Direction,2016,100,"pop, uk pop",0.163,0.448,0,8,0.106,-6.312,1,0.0232,95.05,3,0.168
7iDa6hUg2VgEL1o1HjmfBn,Meant to Be (feat. Florida Georgia Line),Bebe Rexha & Florida Georgia Line,2018,3,"dance pop, pop, post-teen pop, contemporary country, country, country pop, country road, modern country rock",0.047,0.783,0,10,0.083,-6.458,1,0.0856,154.084,4,0.579
1rfofaqEpACxVEHIZBJe6W,Havana (feat. Young Thug),Camila Cabello Featuring Young Thug,2017,96,"dance pop, pop, post-teen pop, atl hip hop, atl trap, gangster rap, melodic rap, pop rap, rap, trap",0.184,0.523,3.56E-05,2,0.132,-4.333,1,0.03,104.988,4,0.394
7ytR5pFWmSjzHJIeQkgog4,ROCKSTAR (feat. Roddy Ricch),Post Malone Featuring 21 Savage,2017,56,rap,0.247,0.69,0,11,0.101,-7.956,1,0.164,89.977,4,0.497
3swc6WTsr7rl9DqQKQA55C,Psycho (feat. Ty Dolla $ign),Post Malone Featuring Ty Dolla $ign,2018,6,"dfw rap, melodic rap, rap, hip hop, pop, pop rap, r&b, southern hip hop, trap, trap soul",0.546,0.56,0,8,0.111,-8.094,1,0.105,140.06,4,0.459
58q2HKrzhC3ozto2nDdN4z,I Like It,"Cardi B, Bad Bunny & J Balvin",2018,7,"latin, reggaeton, trap latino",0.099,0.726,0,5,0.372,-3.998,0,0.129,136.048,4,0.65
6GG73Jik4jUlQCkKg9JuGO,The Middle,"Zedd, Maren Morris & Grey",2018,8,"alternative rock, emo, modern power pop, modern rock, pop punk, pop rock, rock",0.0371,0.849,0,2,0.058,-5.428,1,0.0526,162.152,4,0.903
2G7V7zsVDxg1yRsu7Ew9RJ,In My Feelings,Drake,2018,9,"canadian hip hop, canadian pop, hip hop, rap, toronto rap",0.0589,0.626,6.00E-05,1,0.396,-5.833,1,0.125,91.03,4,0.35
3CA9pLiwRIGtUBiMjbZmRw,Nice For What,Drake,2018,11,"canadian hip hop, canadian pop, hip hop, rap, toronto rap",0.0891,0.909,9.70E-05,8,0.119,-6.474,1,0.0707,93.372,4,0.758
285pBltuF7vW8TeWk8hdRR,Lucid Dreams,Juice WRLD,2018,12,"chicago rap, melodic rap",0.349,0.566,0,6,0.34,-7.23,0,0.2,83.903,4,0.218
7dt6x5M1jzdTEt8oCbisTK,Better Now,Post Malone,2018,13,"dfw rap, melodic rap, rap",0.331,0.578,0,10,0.135,-5.804,1,0.04,145.038,4,0.341
2WP8G2pdddDmnh1xbfKBOI,Finesse,Bruno Mars & Cardi B,2018,14,"canadian hip hop, canadian pop, hip hop, rap, toronto rap",0.133,0.319,0.000338,0,0.101,-8.152,0,0.0581,94.992,4,0.299
0At2qAoaVjIwWNAqrscXli,Boo'd Up,Ella Mai,2018,15,"dance pop, pop, pop r&b, pop rap, r&b, uk contemporary r&b, urban contemporary",0.0862,0.779,0,10,0.078,-5.107,0,0.0531,81.965,4,0.235
2ekn2ttSfGqwhhate0LSR0,New Rules,Dua Lipa,2018,16,"dance pop, pop, uk pop",0.00261,0.7,1.56E-05,9,0.153,-6.021,0,0.0694,116.073,4,0.608
3ee8Jmje8o58CHK66QrVC2,SAD!,XXXTENTACION,2018,17,"emo rap, miami hip hop",0.258,0.613,0.00372,8,0.123,-4.88,1,0.145,75.023,4,0.473
4eWQlBRaTjPPUlzacqEeoQ,Never Be the Same,Camila Cabello,2018,18,"dance pop, pop, post-teen pop",0.181,0.713,0.000637,0,0.137,-4.333,1,0.0747,129.923,4,0.243
45Egmo7icyopuzJN0oMEdk,Love Lies (with Normani),Khalid & Normani,2018,19,pop,0.0956,0.648,0,6,0.134,-5.626,1,0.0449,143.955,4,0.338
2qT1uLXPVPzGgFOx4jtEuo,no tears left to cry,Ariana Grande,2018,20,"dance pop, pop",0.04,0.713,3.11E-06,9,0.294,-5.507,0,0.0594,121.993,4,0.354
7uzmGiiJyRfuViKKK3lVmR,Mine,Bazzi,2018,21,"dance pop, electropop, pop",0.0161,0.789,2.77E-06,4,0.451,-3.874,1,0.0722,142.929,4,0.717
1zB4vmk8tFRmM9UULNzbLB,Thunder,Imagine Dragons,2017,51,"modern rock, pop, rock",0.00671,0.822,0.134,0,0.147,-4.833,1,0.0438,167.997,4,0.288
4qKcDkK6siZ7Jp1Jb4m0aL,Look Alive (feat. Drake),BlocBoy JB Featuring Drake,2018,23,rap,0.00104,0.581,5.86E-05,10,0.105,-7.495,1,0.27,140.022,4,0.595
6NFyWDv5CjfwuzoCkw47Xf,Delicate,Taylor Swift,2018,24,pop,0.216,0.404,0.000357,9,0.0911,-10.178,0,0.0682,95.045,4,0.0499
6vN77lE9LK6HP2DewaN6HZ,Yes Indeed,Lil Baby & Drake,2018,25,rap,0.0355,0.346,0,5,0.108,-9.309,0,0.53,119.957,4,0.562
2jQiSYrwJehQAcuaaQrXnS,Friends,Marshmello & Anne-Marie,2018,26,pop,0.0114,0.609,4.76E-06,11,0.108,-6.361,0,0.0335,107.34,3,0.0911
7y9iMe8SOB6z3NoHE2OfXl,Bad At Love,Halsey,2018,27,"dance pop, electropop, etherpop, indie poptimism, pop",0.0604,0.751,0,0,0.0893,-3.539,1,0.0296,118.384,4,0.612
5IaHrVsrferBYDm0bDyABy,Taste (feat. Offset),Tyga Featuring Offset,2018,28,"hip hop, pop rap, southern hip hop, rap, trap",0.0236,0.559,0,0,0.101,-7.442,1,0.12,97.994,4,0.342
52okn5MNA47tk87PeZJLEL,Let You Down,NF,2018,29,"hip hop, pop rap, rap",0.312,0.714,0,5,0.179,-5.68,0,0.121,147.997,4,0.464
2DQ1ITjI0YoLFzuADN1ZBW,No Limit,Usher Featuring Young Thug,2016,90,"pop, hip hop, pop rap, rap",0.0117,0.771,0,1,0.0853,-3.791,1,0.244,175.957,4,0.405
2l8nEO0vsTRCRnGqQty6qx,FEFE,6ix9ine Featuring Nicki Minaj & Murda Beatz,2018,31,"emo rap, rap, dance pop, hip pop, pop, pop rap, queens hip hop, canadian hip hop, canadian trap",0.088,0.387,0,1,0.136,-9.127,1,0.412,125.978,4,0.376
42fw0rxRO2xbesF6mJfd4Y,Tequila,Dan + Shay,2018,32,"contemporary country, country, pop",0.0312,0.581,0,11,0.132,-5.731,1,0.0281,86.016,4,0.494
6QgjcU0zLnzq5OrUoSZ3OK,Feel It Still,Portugal. The Man,2017,45,"indie rock, modern alternative rock, modern rock, rock",0.0417,0.795,0.000113,1,0.0717,-5.115,0,0.0504,79.028,4,0.754
4wFjTWCunQFKtukqrNijEt,MotorSport,"Migos, Nicki Minaj & Cardi B",2018,34,"pop, pop rap, dance pop, rap",0.0305,0.518,0,2,0.325,-5.32,1,0.183,137.996,4,0.188
2P91MQbaiQOfbiz9VqhqKQ,I Like Me Better,Lauv,2018,35,"dance pop, electropop, pop",0.535,0.505,2.55E-06,9,0.104,-7.621,1,0.253,91.97,4,0.419
2iUXsYOEPhVqEBwsqP70rE,Youngblood,5 Seconds Of Summer,2018,36,"boy band, dance pop, electropop, pop, post-teen pop",0.0169,0.854,0,7,0.124,-5.114,0,0.463,120.274,4,0.152
6Qn5zhYkTa37e91HC1D7lb,Whatever It Takes,Imagine Dragons,2018,37,"modern rock, pop, rock",0.0362,0.655,0,10,0.117,-5.021,0,0.0311,134.945,4,0.556
7sO5G9EABYOXQKNPNiE9NR,Ric Flair Drip (& Metro Boomin),Offset & Metro Boomin,2018,38,"hip hop, pop rap, southern hip hop, rap, trap",0.149,0.428,5.07E-05,9,0.114,-8.28,1,0.206,100.007,4,0.333
75ZvA4QfFiZvzhj2xkaWAh,I Fall Apart,Post Malone,2018,39,"dfw rap, melodic rap, rap",0.0689,0.538,0,8,0.196,-5.408,0,0.0382,143.95,4,0.291
6huNf4dutXRjJyGn7f5BPS,Pray For Me,The Weeknd & Kendrick Lamar,2018,40,"canadian contemporary r&b, canadian pop, pop, conscious hip hop, hip hop, rap, west coast rap",0.0867,0.678,2.41E-05,2,0.112,-4.977,1,0.0886,100.626,4,0.196
4hQ6UGyWQIGJmHSo0J88JW,Back To You - From 13 Reasons Why – Season 2 Soundtrack,Selena Gomez,2018,41,"dance pop, pop, post-teen pop",0.0945,0.724,1.68E-06,6,0.12,-4.856,1,0.0486,102.061,4,0.508
2xLMifQCjDGFmkHkpNLD9h,SICKO MODE,Travis Scott,2018,42,"rap, slap house",0.00513,0.73,0,8,0.124,-3.714,1,0.222,155.008,4,0.446
6n4U3TlzUGhdSFbUUhTvLP,Walk It Talk It,Migos Featuring Drake,2018,43,rap,0.0876,0.633,2.60E-06,2,0.106,-5.145,1,0.184,145.914,4,0.395
43ZyHQITOjhciSUUNPVRHc,Gucci Gang,Lil Pump,2018,44,"emo rap, miami hip hop, rap, trap",0.239,0.523,0,5,0.117,-6.71,1,0.0597,119.889,4,0.699
5k38wzpLb15YgncyWdTZE4,Him & I (with Halsey),G-Eazy & Halsey,2018,45,pop,0.0534,0.731,0,2,0.308,-6.343,1,0.0868,87.908,4,0.191
2QZ7WLBE8h2y1Y5Fb8RYbH,In My Blood,Shawn Mendes,2018,46,"canadian pop, dance pop, pop, viral pop",0.0573,0.712,0,5,0.13,-7.321,1,0.066,140.025,4,0.487
3GCdLUSnKSMJhs4Tj6CV3s,All The Stars (with SZA),Kendrick Lamar & SZA,2018,47,rap,0.0605,0.633,0.000194,8,0.0926,-4.946,1,0.0597,96.924,4,0.552
2UVbBKQOdFAekPTRsnkzcf,Stir Fry,Migos,2018,48,"atl hip hop, pop rap, rap, trap",0.00263,0.816,0,2,0.159,-5.402,1,0.269,181.982,4,0.508
3VlbOrM6nYPprVvzBZllE5,Too Good At Goodbyes,Drake Featuring Rihanna,2016,29,"dance pop, pop, uk pop",0.64,0.372,0,5,0.169,-8.237,1,0.0432,91.873,4,0.476
0b9oOr2ZgvyQu88wzixux9,This Is America,Childish Gambino,2018,51,"atl hip hop, hip hop, pop rap, rap",0.117,0.463,0,5,0.354,-6.159,1,0.137,120.024,4,0.549
0TlLq3lA83rQOYtrqBqSct,Nonstop,Drake,2018,52,"canadian hip hop, canadian pop, hip hop, rap, toronto rap",0.0165,0.412,0.0126,7,0.104,-8.074,1,0.123,154.983,4,0.423
1HXy5I3HTWq8OvxCn0z7G7,Heaven,Kane Brown,2018,53,"contemporary country, country road",0.263,0.556,0,9,0.105,-6.544,1,0.0306,80.009,4,0.521
10Igtw8bSDyyFs7KIsKngZ,Freaky Friday (feat. Chris Brown),Lil Dicky Featuring Chris Brown,2018,55,"pop rap, rap",0.147,0.599,0,8,0.109,-5.042,1,0.224,133.123,4,0.755
1ZAyjvIk9YiD76yYy0TEG6,Plug Walk,Rich The Kid,2018,57,"atl hip hop, hip hop, melodic rap, plugg, pop rap, rap, southern hip hop, trap",0.202,0.519,0,11,0.108,-6.531,1,0.143,94.981,4,0.158
0y60itmpH0aPKsFiGxmtnh,Wait a Minute!,Maroon 5,2018,58,"afrofuturism, dance pop, electropop, pop, post-teen pop",0.0371,0.705,1.94E-05,3,0.0943,-5.279,0,0.0278,101.003,4,0.672
2Yl4OmDby9iitgNWZPwxkd,Be Careful,Cardi B,2018,59,"dance pop, pop, pop rap, rap",0.0256,0.568,0,6,0.0952,-8.23,0,0.411,152.279,4,0.535
33gwZOGJWEZ7dRWPqPxBEZ,Wolves (feat. Post Malone),Selena Gomez X Marshmello,2018,60,rap,0.0978,0.675,9.41E-06,2,0.351,-5.267,1,0.0867,160.048,4,0.325
0dIoGTQXDh1wVnhIiSyYEa,Bartier Cardi (feat. 21 Savage),Cardi B Featuring 21 Savage,2018,61,rap,0.00111,0.524,0.000678,1,0.383,-7.955,1,0.181,138.015,4,0.109
5OCJzvD7sykQEKHH7qAC3C,God is a woman,Ariana Grande,2018,62,"dance pop, pop",0.0233,0.658,6.00E-05,1,0.237,-5.934,1,0.0558,145.031,4,0.268
0ZNrc4kNeQYD9koZ3KvCsy,"BIG BANK (feat. 2 Chainz, Big Sean, Nicki Minaj)","YG Featuring 2 Chainz, Big Sean & Nicki Minaj",2018,63,"pop, hip hop, pop rap, southern hip hop, gangster rap, rap, trap",0.00552,0.346,0,1,0.0881,-7.709,1,0.331,203.911,4,0.112
6wmAHw1szh5RCKSRjiXhPe,How Long,Charlie Puth,2018,65,"dance pop, pop, viral pop",0.211,0.561,3.49E-06,1,0.0383,-5.253,0,0.0778,109.974,4,0.811
5Z3GHaZ6ec9bsiI5BenrbY,Young Dumb & Broke,Khalid,2017,78,"pop, pop r&b",0.199,0.539,1.66E-05,1,0.165,-6.351,1,0.0421,136.949,4,0.394
7ef4DlsgrMEH11cDZd32M6,One Kiss (with Dua Lipa),Calvin Harris & Dua Lipa,2018,68,"pop, dance pop",0.037,0.862,2.19E-05,9,0.0814,-3.24,0,0.11,123.994,4,0.592
2FY7b99s15jUprqC0M5NCT,Natural,Imagine Dragons,2018,69,"modern rock, pop, rock",0.217,0.611,0,2,0.0812,-6.112,1,0.0409,100,4,0.22
6EGAfJaLUFzhS4zRBIEQ2J,You Make It Easy,Jason Aldean,2018,70,"contemporary country, country, country road",0.143,0.574,0,7,0.11,-5.305,1,0.0315,132.025,3,0.406
7qiZfU4dY1lWllzX7mPBI3,Shape of You,Ed Sheeran,2017,1,"pop, uk pop",0.581,0.652,0,1,0.0931,-3.183,0,0.0802,95.977,4,0.931
1XRgIKC5TPwo7nWGyKqgG0,I Get the Bag (feat. Migos),Gucci Mane Featuring Migos,2017,93,"pop rap, rap, atl hip hop, trap",0.0232,0.633,0.000343,11,0.0993,-5.475,1,0.168,139.948,4,0.425
5WvAo7DNuPRmk4APhdPzi8,No Brainer,"DJ Khaled Featuring Justin Bieber, Chance The Rapper & Quavo",2018,73,"pop, hip hop, pop rap, southern hip hop, rap, trap",0.0733,0.76,0,0,0.0865,-4.706,1,0.342,135.702,5,0.639
5WoaF1B5XIEnWfmb5NZikf,Sky Walker (feat. Travis Scott),Miguel Featuring Travis Scott,2018,75,"dance pop, pop, r&b, urban contemporary, rap, slap house",0.173,0.506,0,6,0.0866,-10.532,1,0.0434,145.965,4,0.183
0OWZFobGSIW9GrSlQ9C5pc,Marry Me,Thomas Rhett,2018,76,"contemporary country, country, country road, modern country rock",0.0977,0.412,0,3,0.113,-8.633,1,0.029,85.028,4,0.474
0d2iYfpKoM0QCKvcLCkBao,Eastside (with Halsey & Khalid),"benny blanco, Halsey & Khalid",2018,77,"pop, electropop",0.555,0.68,0,6,0.116,-7.648,0,0.321,89.391,4,0.319
09mEdoA6zrmBPgTEN5qXmN,Call Out My Name,The Weeknd,2018,78,"canadian contemporary r&b, canadian pop, pop",0.17,0.593,0,1,0.307,-4.954,1,0.0356,134.17,3,0.175
51rXHuKN8Loc4sUlKPODgH,"King's Dead (with Kendrick Lamar, Future & James Blake)","Jay Rock, Kendrick Lamar, Future & James Blake",2018,79,"hip hop, pop rap, southern hip hop, conscious hip hop, rap, trap",0.000813,0.705,0,1,0.128,-5.008,1,0.299,137.133,4,0.376
3V8UKqhEK5zBkBb6d6ub8i,Te Boté - Remix,"Casper Magico, Nio Garcia, Darell, Nicky Jam, Ozuna & Bad Bunny",2018,81,"latin, reggaeton, reggaeton flow, trap latino, latin hip hop",0.542,0.675,1.28E-05,11,0.0595,-3.445,0,0.214,96.507,4,0.442
4L9Ds4mpD3SuYoWwFUlv16,Simple,Florida Georgia Line,2018,82,"contemporary country, country, country pop, country road, modern country rock",0.0791,0.882,0,3,0.15,-3.717,1,0.0973,199.811,4,0.864
02kDW379Yfd5PzW5A6vuGt,Lemonade,N*E*R*D & Rihanna,2018,83,"hip hop, melodic rap, rap, trap",0.256,0.66,0,1,0.111,-6.153,0,0.079,140.04,4,0.471
5tz69p7tJuGPeMGwNTxYuV,1-800-273-8255,Logic Featuring Alessia Cara & Khalid,2017,31,pop,0.569,0.574,0,5,0.19,-7.788,0,0.0479,100.023,4,0.357
6Vc5wAMmXdKIAM7WUoEb7N,Say Something,Justin Timberlake Featuring Chris Stapleton,2018,85,pop,0.857,0.147,2.89E-06,2,0.0913,-8.822,1,0.0355,141.284,3,0.0765
3qN5qMTKyEEmiTZD38BNTT,I'm Upset,Drake,2018,86,"canadian hip hop, canadian pop, hip hop, rap, toronto rap",0.279,0.586,0,11,0.0836,-7.866,0,0.343,150.002,4,0.492
0JP9xo3adEtGSdUEISiszL,Moonlight,XXXTENTACION,2018,88,"emo rap, miami hip hop",0.556,0.537,0.00404,9,0.102,-5.723,0,0.0804,128.009,4,0.711
2j5hsQvApottzvTn4pFJWF,What Lovers Do (feat. SZA),Maroon 5 Featuring SZA,2017,97,pop,0.0788,0.597,5.66E-06,5,0.1,-5.131,0,0.0611,110.001,4,0.419
7GX5flRQZVHRAGd6B4TmDO,XO Tour Llif3,Lil Uzi Vert,2017,13,"melodic rap, philly rap, rap, trap",0.00264,0.75,0,11,0.109,-6.366,0,0.231,155.096,4,0.401
3sA7HKGzcKTVscdiTCrWpX,Outside Today,YoungBoy Never Broke Again,2018,91,"baton rouge rap, trap",0.139,0.666,0,11,0.105,-5.334,0,0.0694,134.068,4,0.0585
6CTWathupIiDs7U4InHnDA,Trip,Ella Mai,2018,92,"dance pop, pop, pop r&b, pop rap, r&b, uk contemporary r&b, urban contemporary",0.225,0.61,0,11,0.107,-5.628,0,0.144,79.882,4,0.358
7AFASza1mXqntmGtbxXprO,changes,XXXTENTACION,2018,94,"emo rap, miami hip hop",0.883,0.308,0,11,0.0984,-10.068,1,0.029,64.934,4,0.52
0AS63m1wHv9n4VVRizK6Hc,Mercy,Shawn Mendes,2017,54,"canadian pop, dance pop, pop, viral pop",0.125,0.662,0,11,0.111,-4.952,0,0.0827,148.128,4,0.356
4gB7HrYHbJVJ5RFOjxmoq4,One Number Away,Luke Combs,2018,96,"contemporary country, country",0.00585,0.781,0,6,0.191,-6.16,0,0.0311,144.075,4,0.527
1BuZAIO8WZpavWVbbq3Lci,Powerglide (feat. Juicy J) - From SR3MM,Rae Sremmurd & Juicy J,2018,97,"hip hop, pop rap, melodic rap, southern hip hop, rap, trap",0.0168,0.831,0,1,0.118,-4.75,0,0.15,173.948,4,0.584
76cy1WJvNGJTj78UqeA5zr,IDGAF,Dua Lipa,2018,98,"dance pop, pop, uk pop",0.0403,0.544,0,7,0.0824,-5.975,1,0.0943,97.028,4,0.51
4ipnJyDU3Lq15qBAYNqlqK,Mi Gente,J Balvin & Willy William Featuring Beyonce,2017,50,"latin, reggaeton, reggaeton colombiano, trap latino, francoton",0.0179,0.687,1.17E-05,11,0.128,-4.818,0,0.0584,104.959,4,0.308
0pqnGHJpmpxLKifKRmU6WP,Believer,Imagine Dragons,2017,9,"modern rock, pop, rock",0.0622,0.78,0,10,0.081,-4.374,0,0.128,124.949,4,0.666
2YpeDb67231RjR0MgVLzsG,Old Town Road - Remix,Lil Nas X Featuring Billy Ray Cyrus,2019,1,"lgbtq+ hip hop, pop, country, country rock",0.0533,0.619,0,6,0.113,-5.56,1,0.102,136.041,4,0.639
3KkXRkHbMCARz0aVfEt68P,Sunflower - Spider-Man: Into the Spider-Verse,Post Malone & Swae Lee,2019,2,melodic rap,0.556,0.479,0,2,0.0703,-5.574,1,0.0466,89.911,4,0.913
7lQ8MOhq6IN2w8EYcFNSUk,Without Me,Halsey,2019,3,"detroit hip hop, hip hop, rap",0.00286,0.669,0,7,0.237,-2.827,1,0.0738,112.238,4,0.662
2Fxmhks0bxGSBdJ92vM42m,bad guy,Billie Eilish,2019,4,"electropop, pop",0.328,0.425,0.13,7,0.1,-10.965,1,0.375,135.128,4,0.562
7xQAfvXzm3AkraOtGPWIZg,Wow.,Post Malone,2019,5,"dfw rap, melodic rap, rap",0.136,0.539,1.78E-06,11,0.103,-7.359,0,0.208,99.96,4,0.388
6ocbgoVGwYJhOv1GgI9NsF,7 rings,Ariana Grande,2019,7,"dance pop, pop",0.592,0.317,0,1,0.0881,-10.732,0,0.334,140.048,4,0.327
161DnLWsx1i3u1JT05lzqU,Talking to the Moon,Khalid,2019,8,"dance pop, pop",0.512,0.606,0,1,0.106,-4.754,0,0.0301,145.837,4,0.065
2xLMifQCjDGFmkHkpNLD9h,SICKO MODE,Travis Scott,2018,42,"rap, slap house",0.00513,0.73,0,8,0.124,-3.714,1,0.222,155.008,4,0.446
22vgEDb5hykfaTwLuskFGD,Sucker,Jonas Brothers,2019,10,"boy band, dance pop, pop, post-teen pop",0.0427,0.734,0,1,0.106,-5.065,0,0.0588,137.958,4,0.952
1rqqCSm0Qe4I9rUvWncaom,High Hopes,Panic! At The Disco,2019,11,modern rock,0.193,0.904,0,5,0.064,-2.729,1,0.0618,82.014,4,0.681
3e9HZxeyfWwjeyPAMmWSSQ,"thank u, next",Ariana Grande,2019,12,"dance pop, pop",0.229,0.653,0,1,0.101,-5.634,1,0.0658,106.966,4,0.412
3HWzoMvoF3TQfYg4UPszDq,Truth Hurts,Lizzo,2019,13,"dance pop, escape room, minnesota hip hop, pop, trap queen",0.11,0.624,0,4,0.123,-3.046,0,0.114,158.087,4,0.412
6Qs4SXO9dwPj5GKvVOv8Ki,Dancing With A Stranger (with Normani),Sam Smith & Normani,2019,14,"pop, dance pop",0.45,0.52,1.97E-06,8,0.222,-7.513,1,0.0656,102.998,4,0.347
0TK2YIli7K1leLovkQiNik,Señorita,Shawn Mendes & Camila Cabello,2019,15,"pop, dance pop",0.037,0.54,0,9,0.0945,-6.039,0,0.0287,116.947,4,0.75
3HVWdVOQ0ZA45FuZGSfvns,I Don't Care (with Justin Bieber),Ed Sheeran & Justin Bieber,2019,16,pop,0.0912,0.675,0,6,0.0894,-5.041,1,0.0442,101.956,4,0.842
0d2iYfpKoM0QCKvcLCkBao,Eastside (with Halsey & Khalid),"benny blanco, Halsey & Khalid",2018,77,"pop, electropop",0.555,0.68,0,6,0.116,-7.648,0,0.321,89.391,4,0.319
2IRZnDFmlqMuOrYOLnZZyc,Going Bad (feat. Drake),Meek Mill Featuring Drake,2019,18,"hip hop, rap",0.259,0.496,0,4,0.252,-6.365,0,0.0905,86.003,4,0.544
2VxeLyX666F8uXCJ0dZF8B,Shallow,Lady Gaga & Bradley Cooper,2019,19,"dance pop, pop, hollywood",0.371,0.385,0,7,0.231,-6.362,1,0.0308,95.799,4,0.323
6zeeWid2sgw4lap2jV61PZ,Better,Khalid,2019,20,"pop, pop r&b",0.0765,0.552,0.334,0,0.104,-10.278,0,0.097,97.949,4,0.112
6XHVuErjQ4XNm6nDPVCxVX,No Guidance (feat. Drake),Chris Brown Featuring Drake,2019,21,rap,0.123,0.454,0,1,0.155,-6.756,0,0.153,92.928,4,0.136
7DnAm9FOTWE3cUvso43HhI,Sweet but Psycho,Ava Max,2019,23,"dance pop, pop",0.0684,0.706,0,1,0.166,-4.719,1,0.0473,133.002,4,0.62
2gwkD6igEhQbDQegRCcdoB,Suge,DaBaby,2019,24,"north carolina hip hop, rap",0.0608,0.662,0,2,0.127,-6.482,0,0.426,75.445,4,0.844
2JvzF1RMd7lE3KmFlsyZD8,MIDDLE CHILD,DJ Snake Featuring Bipolar Sunshine,2016,80,"conscious hip hop, hip hop, north carolina hip hop, rap",0.149,0.364,0,8,0.271,-11.713,1,0.276,123.984,4,0.463
78QR3Wp35dqAhFEc2qAGjE,Drip Too Hard (Lil Baby & Gunna),Lil Baby & Gunna,2019,26,"rap, atl hip hop, trap",0.0852,0.662,0,1,0.534,-6.903,0,0.292,112.511,4,0.389
7qEHsqek33rTcFNT9PFqLf,Someone You Loved,Lewis Capaldi,2019,27,"pop, uk pop",0.751,0.405,0,1,0.105,-5.679,1,0.0319,109.891,4,0.446
1lOe9qE0vR9zwWQAOk6CoO,Ransom,Lil Tecca,2019,28,"melodic rap, rap, trap",0.0204,0.642,0,7,0.0658,-6.257,0,0.287,179.974,4,0.226
6LsAAHotRLMOHfCsSfYCsz,If I Can't Have You,Shawn Mendes,2019,29,"canadian pop, dance pop, pop, viral pop",0.524,0.809,0,2,0.147,-4.198,1,0.0602,123.911,4,0.864
0t3ZvGKlmYmVsDzBJAXK8C,Goodbyes (feat. Young Thug),Post Malone Featuring Young Thug,2019,30,"melodic rap, rap",0.456,0.653,0,5,0.103,-3.875,1,0.081,150.068,4,0.163
0FZ4Dmg8jJJAPJnvBIzD9z,ZEZE (feat. Travis Scott & Offset),Kodak Black Featuring Travis Scott & Offset,2019,31,"hip hop, southern hip hop, rap, trap",0.0521,0.603,0,8,0.0924,-5.788,0,0.176,98.043,4,0.504
7dt6x5M1jzdTEt8oCbisTK,Better Now,Post Malone,2018,13,"dfw rap, melodic rap, rap",0.331,0.578,0,10,0.135,-5.804,1,0.04,145.038,4,0.341
2iUXsYOEPhVqEBwsqP70rE,Youngblood,5 Seconds Of Summer,2018,36,"boy band, dance pop, electropop, pop, post-teen pop",0.0169,0.854,0,7,0.124,-5.114,0,0.463,120.274,4,0.152
5ry2OE6R2zPQFDO85XkgRb,Money In The Grave (Drake ft. Rick Ross),Drake Featuring Rick Ross,2019,34,"hip hop, rap",0.101,0.502,0,10,0.122,-4.045,0,0.046,100.541,4,0.101
3GJ4hzg4lrGwU51Y3VARbF,Speechless,Dan + Shay,2019,35,"contemporary country, country, pop",0.356,0.438,0,1,0.24,-5.968,1,0.0298,135.929,4,0.386
4kV4N9D1iKVxx1KLvtTpjS,"break up with your girlfriend, i'm bored",Ariana Grande,2019,36,"dance pop, pop",0.0421,0.554,0,5,0.106,-5.29,0,0.0917,169.999,4,0.335
0PG9fbaaHFHfre2gUVo7AN,Please Me,Cardi B & Bruno Mars,2019,37,"pop, dance pop",0.0642,0.57,0,1,0.0832,-6.711,1,0.081,133.992,4,0.65
6RRNNciQGZEXnqk8SQ9yv5,You Need To Calm Down,Taylor Swift,2019,39,pop,0.00929,0.671,0,2,0.0637,-5.617,1,0.0553,85.026,4,0.714
1000nHvUdawXuUHgBod4Wv,Panini,Lil Nas X,2019,40,"lgbtq+ hip hop, pop",0.342,0.594,0,5,0.123,-6.146,0,0.0752,153.848,4,0.475
3Ol2xnObFdKV9pmRD2t9x8,Look Back at It,A Boogie Wit da Hoodie,2019,41,"melodic rap, rap, trap",0.407,0.587,0,3,0.148,-5.075,0,0.0413,96.057,4,0.536
2t8yVaLvJ0RenpXUIAC52d,a lot,21 Savage,2019,42,"atl hip hop, hip hop, rap, trap",0.0395,0.636,0.00125,1,0.342,-7.643,1,0.086,145.972,4,0.274
116H0KvKr2Zl4RPuVBruDO,MIA (feat. Drake),Bad Bunny Featuring Drake,2019,44,"latin, reggaeton, trap latino, canadian hip hop, canadian pop, hip hop, rap, toronto rap",0.0141,0.539,0.000496,6,0.099,-6.349,0,0.0621,97.062,4,0.158
6uFn47ACjqYkc0jADwEdj1,Pop Out (feat. Lil Tjay),Polo G Featuring Lil Tjay,2019,45,"chicago rap, brooklyn drill, melodic rap, nyc rap",0.15,0.639,0,1,0.0698,-7.119,1,0.467,168.112,4,0.261
2rxQMGVafnNaRaXlRMWPde,Beautiful Crazy,Luke Combs,2019,46,"contemporary country, country",0.676,0.402,0,11,0.0928,-7.431,1,0.0262,103.313,4,0.382
5GBuCHuPKx6UC7VsSPK0t3,Thotiana,Blueface,2019,47,"cali rap, trap",0.18,0.382,0,10,0.113,-12.89,0,0.269,104.025,4,0.391
285pBltuF7vW8TeWk8hdRR,Lucid Dreams,Juice WRLD,2018,12,"chicago rap, melodic rap",0.349,0.566,0,6,0.34,-7.23,0,0.2,83.903,4,0.218
1xzBco0xcoJEDXktl7Jxrr,Mo Bamba,Sheck Wes,2019,49,"rap, trap, underground hip hop, vapor trap",0.194,0.625,0.00986,4,0.248,-5.266,1,0.0315,146.034,4,0.261
4evmHXcjt3bTUHD1cvny97,Beautiful People (feat. Khalid),Ed Sheeran Featuring Khalid,2019,50,pop,0.124,0.648,0,5,0.0802,-8.113,0,0.187,92.977,4,0.548
0QIjsbm2fh1cJ45XO9eGqq,Wake Up in the Sky,Gucci Mane X Bruno Mars X Kodak Black,2019,51,"hip hop, southern hip hop, rap, trap",0.00381,0.578,0,4,0.359,-5.144,0,0.0485,143.01,4,0.367
6foY66mWZN0pSRjZ408c00,Whiskey Glasses,Morgan Wallen,2019,52,contemporary country,0.369,0.68,1.84E-06,6,0.115,-4.58,1,0.0289,149.959,4,0.707
1dyxS3YzBbL0t8rEVwVQ1K,God's Country,Blake Shelton,2019,53,"contemporary country, country, country road, oklahoma country",0.0608,0.752,5.39E-06,10,0.118,-5.106,1,0.0396,139.984,4,0.217
3EPXxR3ImUwfayaurPi3cm,Be Alright,Dean Lewis,2019,54,"australian pop, pop, pop rock",0.697,0.586,0,11,0.0813,-6.319,1,0.0362,126.684,4,0.443
3j84U36KvLeXNDPv4t5pI8,Pure Water (with Migos),Mustard & Migos,2019,55,"pop rap, rap, trap",0.174,0.559,0,0,0.344,-5.545,1,0.127,202.015,4,0.137
2KKijf6Ett4kmVNJze2roh,The Git Up,Blanco Brown,2019,56,country rap,0.0669,0.678,0,9,0.274,-8.635,1,0.109,97.984,4,0.811
4w8niZpiMy6qz1mntFA5uM,"Taki Taki (with Selena Gomez, Ozuna & Cardi B)","DJ Snake Featuring Selena Gomez, Ozuna & Cardi B",2019,57,"pop, pop rap, dance pop",0.157,0.801,4.82E-06,8,0.0642,-4.167,0,0.228,95.881,4,0.617
5JEx7HbmvHQQswJCsoo9rA,Close To Me (with Diplo) (feat. Swae Lee),Ellie Goulding X Diplo Featuring Swae Lee,2019,58,"pop, edm, dance pop",0.0954,0.758,0,1,0.394,-5.029,0,0.0618,144.107,4,0.493
7rvyVWja33WG9R97oeJAjx,Envy Me,Calboy,2019,59,"chicago rap, melodic rap, rap, trap, vapor trap",0.234,0.488,0,1,0.241,-7.664,0,0.27,149.042,4,0.584
6Up545NUflOiXo8cEraH49,You Say,Lauren Daigle,2019,60,"ccm, christian alternative rock, christian music, worship",0.682,0.632,0,5,0.0869,-6.89,1,0.0342,147.873,4,0.0797
22oEJW6r2rMb9z4IntfyEa,"Hey Look Ma, I Made It",Panic! At The Disco,2019,61,modern rock,0.0137,0.833,0,5,0.121,-3.337,1,0.0695,107.936,4,0.58
21jGcNKet2qwijlDFuPiPb,Circles,Post Malone,2019,62,"dfw rap, melodic rap, rap",0.192,0.762,0.00244,0,0.0863,-3.497,1,0.0395,120.042,4,0.553
7aEtlGHoiPAfRB084NiDmx,Beer Never Broke My Heart,Luke Combs,2019,63,"contemporary country, country",0.0139,0.863,0,1,0.0874,-4.483,1,0.0481,77.001,4,0.637
7DcvwMAiqKJQD1rrdfxSDx,The London (feat. J. Cole & Travis Scott),"Young Thug, J. Cole & Travis Scott",2019,64,rap,0.0247,0.586,0,4,0.132,-6.946,0,0.147,97.981,4,0.179
5w9c2J52mkdntKOmRLeM2m,Con Calma,Daddy Yankee & Katy Perry Featuring Snow,2019,65,"latin, latin hip hop, reggaeton, trap latino, canadian old school hip hop, reggae fusion",0.11,0.86,1.94E-06,8,0.0574,-2.652,0,0.0593,93.989,4,0.656
7eBqSVxrzQZtK2mmgRG6lC,Murder On My Mind,YNW Melly,2019,66,"melodic rap, trap",0.145,0.73,3.06E-06,0,0.11,-7.985,0,0.0516,115.007,4,0.74
43zdsphuZLzwA9k4DJhU0I,when the party's over,Billie Eilish,2019,67,"electropop, pop",0.978,0.111,3.97E-05,4,0.0897,-14.084,1,0.0972,82.642,4,0.198
3A2yGHWIzmGEIolwonU69h,Act Up,City Girls,2019,68,"dance pop, pop, pop rap, r&b, scam rap, trap queen",0.0167,0.638,0,8,0.111,-4.713,1,0.189,97.075,4,0.313
58q2HKrzhC3ozto2nDdN4z,I Like It,"Cardi B, Bad Bunny & J Balvin",2018,7,"latin, reggaeton, trap latino",0.099,0.726,0,5,0.372,-3.998,0,0.129,136.048,4,0.65
0lsRatBUs9HNIZAmoGABzk,Trampoline,SHAED,2019,70,"electropop, pop",0.488,0.412,0.00016,7,0.0659,-7.523,0,0.0301,126.754,4,0.537
6V7g6qM8wheMivMWrzbPTM,Leave Me Alone,Flipp Dinero,2019,71,"melodic rap, pop rap, rap, trap, vapor trap",0.107,0.743,0,7,0.183,-2.806,1,0.0851,150.024,4,0.742
4OafepJy2teCjYJbvFE60J,breathin,Ariana Grande,2019,72,"dance pop, pop",0.0211,0.656,1.37E-05,8,0.213,-5.413,1,0.0433,100.049,4,0.364
4SSnFejRGlZikf02HLewEF,bury a friend,Billie Eilish,2019,73,"electropop, pop",0.74,0.389,0.162,8,0.106,-14.505,1,0.332,120.046,4,0.196
5nzhL67GpF9szXWg5y509A,Close Friends (Lil Baby & Gunna),Lil Baby,2019,74,"atl hip hop, atl trap, rap, trap",0.0509,0.578,0,10,0.0796,-4.669,0,0.375,158.896,4,0.698
5ygDXis42ncn6kYG14lEVG,Baby Shark,Pinkfong,2019,75,"cartoon, children's music, dong-yo",0.259,0.886,0,8,0.0559,-1.746,1,0.112,115.056,4,0.777
5KBARWIxeMGkvUax9VtVC9,My Type,Saweetie,2019,76,"cali rap, dance pop, pop, trap queen",0.000677,0.811,0,2,0.0672,-6.294,1,0.258,105.038,4,0.587
0PQoUlzP7ILdcrzpajHXc0,Worth It,YK Osiris,2019,77,"melodic rap, pop r&b, trap",0.517,0.535,0,5,0.0942,-4.054,0,0.0638,124.008,5,0.459
0DiDStADDVh3SvAsoJAFMk,Only Human,Jonas Brothers,2019,78,"boy band, dance pop, pop, post-teen pop",0.108,0.496,0,0,0.0645,-5.883,1,0.0722,94.01,4,0.874
6ERR6e7h6wCqGoz1TjiUJb,Knockin' Boots,Luke Bryan,2019,79,"contemporary country, country, country road",0.129,0.682,0,2,0.328,-3.728,1,0.205,131.983,4,0.634
6CTWathupIiDs7U4InHnDA,Trip,Ella Mai,2018,92,"dance pop, pop, pop r&b, pop rap, r&b, uk contemporary r&b, urban contemporary",0.225,0.61,0,11,0.107,-5.628,0,0.144,79.882,4,0.358
1wJRveJZLSb1rjhnUHQiv6,Swervin (feat. 6ix9ine),A Boogie Wit da Hoodie Featuring 6ix9ine,2019,82,rap,0.0153,0.662,0,9,0.111,-5.239,1,0.303,93.023,4,0.434
6b2RcmUt1g9N9mQ3CbjX2Y,How Do You Sleep?,Sam Smith,2019,83,"dance pop, pop, uk pop",0.153,0.682,0,1,0.0763,-4.931,0,0.0925,110.567,5,0.345
6epn3r7S14KUqlReYr77hA,Baby,Lil Baby & DaBaby,2019,84,"canadian pop, pop, atl hip hop, dirty south rap, hip hop, pop rap, rap, southern hip hop, trap",0.0401,0.859,0,5,0.111,-5.237,0,0.137,65.043,4,0.535
2KqJC0koTBUyDlsMt5ok1V,Look What God Gave Her,Thomas Rhett,2019,85,"contemporary country, country, country road, modern country rock",0.0272,0.85,0,2,0.181,-3.966,1,0.0308,113,4,0.883
19kUPdKTp85q9RZNwaXM15,Good as You,Kane Brown,2019,86,"contemporary country, country road",0.4,0.516,0,8,0.142,-6.05,1,0.0373,153.831,4,0.769
2LNMhZ3YijTO7USmqjgJfG,CLOUT COBAIN | CLOUT CO13A1N,Offset Featuring Cardi B,2019,87,"dark trap, drill, hip hop, miami hip hop, rap, underground hip hop",0.591,0.448,0,10,0.109,-4.771,0,0.0539,120.055,4,0.588
45Egmo7icyopuzJN0oMEdk,Love Lies (with Normani),Khalid & Normani,2018,19,pop,0.0956,0.648,0,6,0.134,-5.626,1,0.0449,143.955,4,0.338
4hPpVbbakQNv8YTHYaOJP4,One Thing Right,Marshmello & Kane Brown,2019,89,"brostep, edm, pop, pop dance, progressive electro house, contemporary country, country road",0.0667,0.623,0,4,0.582,-2.253,1,0.0451,88.042,4,0.439
2rMAtCaTj16NptyVfEIeAC,Cash Shit (feat. DaBaby),Megan Thee Stallion Featuring DaBaby,2019,90,"houston rap, pop, trap queen, north carolina hip hop, rap",0.0218,0.635,0,1,0.0946,-4.904,1,0.416,130.028,4,0.549
42fw0rxRO2xbesF6mJfd4Y,Tequila,Dan + Shay,2018,32,"contemporary country, country, pop",0.0312,0.581,0,11,0.132,-5.731,1,0.0281,86.016,4,0.494
5BJMeoCXXgbRAWfp6fTulr,Shotta Flow (feat. Blueface) [Remix],NLE Choppa,2019,92,"memphis hip hop, cali rap, trap",0.0251,0.511,0,2,0.14,-4.768,1,0.421,120.077,4,0.567
5N1o6d8zGcSZSeMFkOUQOk,Hot Girl Summer (feat. Nicki Minaj & Ty Dolla $ign),"Megan Thee Stallion, Nicki Minaj & Ty Dolla $ign",2019,93,"pop, pop rap",0.00485,0.814,1.96E-06,0,0.214,-4.568,1,0.155,98.985,4,0.57
4qQwGRtGT7l6ckQtdPEFd4,Talk You Out Of It,Florida Georgia Line,2019,94,"contemporary country, country, country pop, country road, modern country rock",0.582,0.708,0,4,0.0796,-4.791,1,0.0376,119.964,4,0.558
5AnSllIrgGsCZzZJkVnApx,Eyes On You,Chase Rice,2019,96,"contemporary country, country, country road, modern country rock",0.323,0.652,0,9,0.201,-6.982,1,0.0281,97.155,4,0.476
08tq1XcHwVt5PHXUo87i0D,All To Myself,Dan + Shay,2019,97,"contemporary country, country, pop",0.208,0.781,0,1,0.125,-4.616,1,0.0313,94.975,4,0.565
0Ryd8975WihbObpp5cPW1t,boyfriend (with Social House),Ariana Grande & Social House,2019,98,"dance pop, pop",0.119,0.795,0,10,0.159,-3.731,0,0.461,190.097,4,0.702
7DHApOHsIFo7EyfieArYGE,Walk Me Home,P!nk,2019,99,"dance pop, pop",0.0507,0.453,0,1,0.179,-6.119,1,0.0445,88.039,3,0.432
6Hj9jySrnFppAI0sEMCZpJ,Robbery,Juice WRLD,2019,100,"chicago rap, melodic rap",0.328,0.692,0,2,0.153,-5.122,1,0.0457,159.966,5,0.578
0VjIjW4GlUZAMYd2vXMi3b,Blinding Lights,The Weeknd,2020,1,"canadian contemporary r&b, canadian pop, pop",0.00146,0.73,9.54E-05,1,0.0897,-5.934,1,0.0598,171.005,4,0.334
21jGcNKet2qwijlDFuPiPb,Circles,Post Malone,2019,62,"dfw rap, melodic rap, rap",0.192,0.762,0.00244,0,0.0863,-3.497,1,0.0395,120.042,4,0.553
0nbXyq5TXYPCO7pr3N8S4I,The Box,Roddy Ricch,2020,3,"melodic rap, rap, trap",0.104,0.586,0,10,0.79,-6.687,0,0.0559,116.971,4,0.642
6WrI0LAC5M1Rw2MnX2ZvEg,Don't Start Now,Dua Lipa,2020,4,"dance pop, pop, uk pop",0.0125,0.793,0,11,0.0952,-4.521,0,0.0842,123.941,4,0.677
7ytR5pFWmSjzHJIeQkgog4,ROCKSTAR (feat. Roddy Ricch),Post Malone Featuring 21 Savage,2017,56,rap,0.247,0.69,0,11,0.101,-7.956,1,0.164,89.977,4,0.497
3jjujdWJ72nww5eGnfs2E7,Adore You,Harry Styles,2020,6,pop,0.0237,0.771,7.00E-06,8,0.102,-3.675,1,0.0483,99.048,4,0.569
5yY9lUy8nbvjM1Uyo1Uqoc,Life Is Good (feat. Drake),Future Featuring Drake,2020,7,rap,0.0706,0.609,0,2,0.152,-5.831,0,0.481,142.037,4,0.508
7yFhA2fUsL2oIMWlw5DaHQ,The Bones,Maren Morris,2020,9,"contemporary country, country, texas country",0.278,0.57,0,11,0.0963,-6.642,0,0.0347,77.002,4,0.334
7qEHsqek33rTcFNT9PFqLf,Someone You Loved,Lewis Capaldi,2019,27,"pop, uk pop",0.751,0.405,0,1,0.105,-5.679,1,0.0319,109.891,4,0.446
3Dv1eDb0MEgF93GpLXlucZ,Say So,Doja Cat,2020,11,"dance pop, pop",0.256,0.673,3.57E-06,11,0.0904,-4.577,0,0.158,110.962,4,0.786
2XU0oxnq2qxCpomAAuJY8K,Dance Monkey,Tones And I,2020,14,"australian pop, pop",0.692,0.588,0.000104,6,0.149,-6.4,0,0.0924,98.027,4,0.513
696DnlkuDOXcMAnKlTgXXK,ROXANNE,Arizona Zervas,2020,16,"pop rap, rhode island rap",0.0522,0.601,0,6,0.46,-5.616,0,0.148,116.735,5,0.457
364dI1bYnvamSnBJ8JcNzN,Intentions,Justin Bieber Featuring Quavo,2020,17,"canadian pop, pop, atl hip hop, hip hop, melodic rap, pop rap, rap, southern hip hop, trap",0.317,0.553,0,9,0.105,-6.644,1,0.0552,148.014,4,0.86
3ZCTVFBt2Brf31RLEnCkWJ,everything i wanted,Billie Eilish,2020,18,"electropop, pop",0.902,0.225,0.657,6,0.106,-14.454,0,0.0994,120.006,4,0.243
0zLCBJZSiELJf02ucPP9wb,Roses - Imanbek Remix,The Chainsmokers Featuring Rozes,2016,27,slap house,0.0143,0.719,0.00777,8,0.359,-5.472,1,0.0474,121.955,4,0.863
6UelLqGlWMcVH1E5c4H7lY,Watermelon Sugar,Harry Styles,2020,20,pop,0.122,0.816,0,0,0.335,-4.209,1,0.0465,95.39,4,0.557
2gMXnyrvIjhVBUZwvLZDMP,Before You Go,Lewis Capaldi,2020,21,"pop, uk pop",0.604,0.575,0,3,0.0885,-4.858,1,0.0573,111.881,4,0.183
1ZMiCix7XSAbfAJlEZWMCp,Falling,Trevor Daniel,2020,22,pop,0.839,0.267,1.46E-06,4,0.089,-6.502,1,0.0299,110.011,4,0.0592
2wrJq5XKLnmhRXHIAf9xBa,"10,000 Hours (with Justin Bieber)",Dan + Shay & Justin Bieber,2020,23,pop,0.153,0.63,0,10,0.111,-4.644,1,0.0259,89.991,4,0.43
4Oun2ylbjFKMPTiaSbbCih,WAP (feat. Megan Thee Stallion),Cardi B Featuring Megan Thee Stallion,2020,24,pop,0.0194,0.454,0,1,0.0824,-7.509,1,0.375,133.073,4,0.357
3QzAOrNlsabgbMwlZt7TAY,Ballin' (with Roddy Ricch),Mustard & Roddy Ricch,2020,25,"rap, trap",0.392,0.545,0,7,0.151,-6.678,1,0.0735,97.008,4,0.244
6wJYhPfqk3KGhHRG76WzOh,Blueberry Faygo,Lil Mosey,2020,27,"melodic rap, rap, rap conscient, trap, vapor trap",0.207,0.554,0,0,0.132,-7.909,1,0.0383,99.034,4,0.349
4EWCNWgDS8707fNSZ1oaA5,Heartless,The Weeknd,2020,28,"chicago rap, rap",0.0515,0.647,0,10,0.248,-5.983,0,0.136,87.999,4,0.654
6Ozh9Ok6h4Oi1wUSLtBseN,BOP,DaBaby,2020,29,"north carolina hip hop, rap",0.189,0.787,0,11,0.129,-3.909,1,0.367,126.77,4,0.836
4l0Mvzj72xxOpRrp6h8nHi,Lose You To Love Me,Selena Gomez,2020,30,"dance pop, pop, post-teen pop",0.556,0.343,0,4,0.21,-8.985,1,0.0436,102.819,4,0.0978
6KgBpzTuTRPebChN0VTyzV,Good as Hell,Lizzo,2020,31,"dance pop, escape room, minnesota hip hop, pop, trap queen",0.256,0.919,0,0,0.442,-3.18,0,0.0875,95.982,4,0.535
127QTOFJsJQp5LbJbu3A1y,Toosie Slide,Drake,2020,32,"canadian hip hop, canadian pop, hip hop, rap, toronto rap",0.321,0.454,6.15E-06,1,0.114,-9.75,0,0.201,81.618,4,0.837
017PF4Q3l4DBUiWoXk4OWT,Break My Heart,Dua Lipa,2020,33,"dance pop, pop, uk pop",0.167,0.729,1.39E-06,4,0.349,-3.434,0,0.0883,113.013,4,0.467
5MwynWK9s4hlyKHqhkNn4A,Chasin' You,Morgan Wallen,2020,34,contemporary country,0.657,0.591,0,7,0.11,-5.785,1,0.0277,97.074,4,0.489
1xQ6trAsedVPCdbtDAmk0c,Savage Love (Laxed - Siren Beat),Jawsh 685 x Jason Derulo,2020,35,"nz pop, dance pop, pop, pop rap, post-teen pop",0.234,0.481,0,0,0.269,-8.52,0,0.0803,150.076,4,0.761
6XHVuErjQ4XNm6nDPVCxVX,No Guidance (feat. Drake),Chris Brown Featuring Drake,2019,21,rap,0.123,0.454,0,1,0.155,-6.756,0,0.153,92.928,4,0.136
3yOlyBJuViE2YSGn3nVE1K,My Oh My (feat. DaBaby),Camila Cabello Featuring DaBaby,2020,37,"dance pop, pop, post-teen pop, north carolina hip hop, rap",0.018,0.491,1.29E-05,8,0.0887,-6.024,1,0.0296,105.046,4,0.383
4saklk6nie3yiGePpBwUoc,Dynamite,BTS,2020,38,"k-pop, k-pop boy group",0.0112,0.765,0,6,0.0936,-4.41,0,0.0993,114.044,4,0.737
1IIKrJVP1C9N7iPtG6eOsK,Go Crazy,Chris Brown & Young Thug,2020,39,"pop rap, rap",0.316,0.578,0,0,0.25,-8.932,0,0.145,94.148,4,0.581
07KXEDMj78x68D884wgVEm,High Fashion (feat. Mustard),Roddy Ricch Featuring Mustard,2020,40,"rap, trap",0.269,0.499,0,11,0.3,-8.442,0,0.114,97.956,4,0.511
2SAqBLGA283SUiwJ3xOUVI,Laugh Now Cry Later (feat. Lil Durk),Drake Featuring Lil Durk,2020,41,"hip hop, rap",0.244,0.518,3.47E-05,0,0.107,-8.871,1,0.134,133.976,4,0.522
598yNsG1JFrGd4n2kMoz7F,Woah,Lil Baby,2020,42,"atl hip hop, atl trap, rap, trap",0.0177,0.602,0,11,0.178,-5.554,1,0.245,142.959,4,0.43
7eJMfftS33KTjuF7lTsMCx,death bed (coffee for your head),Powfu Featuring beabadoobee,2020,43,"pop rap, sad rap, bedroom pop, bubblegrunge, indie pop",0.731,0.431,0,8,0.696,-8.765,0,0.135,144.026,4,0.348
0TK2YIli7K1leLovkQiNik,Señorita,Shawn Mendes & Camila Cabello,2019,15,"pop, dance pop",0.037,0.54,0,9,0.0945,-6.039,0,0.0287,116.947,4,0.75
3eekarcy7kvN4yt5ZFzltW,HIGHEST IN THE ROOM,Travis Scott,2020,45,"rap, slap house",0.0546,0.427,5.83E-06,7,0.21,-8.764,0,0.0317,76.469,4,0.0605
2Fxmhks0bxGSBdJ92vM42m,bad guy,Billie Eilish,2019,4,"electropop, pop",0.328,0.425,0.13,7,0.1,-10.965,1,0.375,135.128,4,0.562
4jPy3l0RUwlUI9T5XHBW2m,Mood (feat. iann dior),24kGoldn Featuring iann dior,2020,47,pop rap,0.174,0.716,0,7,0.324,-3.671,0,0.0361,91.007,4,0.732
24ySl2hOPGCDcxBxFIqWBu,Rain On Me (with Ariana Grande),Lady Gaga & Ariana Grande,2020,48,"pop, dance pop",0.021,0.855,0,9,0.323,-3.764,1,0.0397,123.056,4,0.646
0PvFJmanyNQMseIFrU708S,For The Night (feat. Lil Baby & DaBaby),Pop Smoke Featuring Lil Baby & DaBaby,2020,49,rap,0.114,0.586,0,6,0.193,-6.606,0,0.2,125.971,4,0.347
6cy3ki60hLwimwIje7tALf,RITMO (Bad Boys For Life),Black Eyed Peas X J Balvin,2020,50,"dance pop, pop, pop rap, latin, reggaeton, reggaeton colombiano, trap latino",0.0334,0.716,0.00084,10,0.237,-7.037,0,0.0657,104.994,4,0.667
0lsRatBUs9HNIZAmoGABzk,Trampoline,SHAED,2019,70,"electropop, pop",0.488,0.412,0.00016,7,0.0659,-7.523,0,0.0301,126.754,4,0.537
2Y0wPrPQBrGhoLn14xRYCG,Come & Go (with Marshmello),Juice WRLD x Marshmello,2020,54,"chicago rap, melodic rap, brostep, edm, pop, pop dance, progressive electro house",0.0172,0.814,0,0,0.158,-5.181,1,0.0657,144.991,4,0.535
3HWzoMvoF3TQfYg4UPszDq,Truth Hurts,Lizzo,2019,13,"dance pop, escape room, minnesota hip hop, pop, trap queen",0.11,0.624,0,4,0.123,-3.046,0,0.114,158.087,4,0.412
2kJwzbxV2ppxnQoYw4GLBZ,If the World Was Ending - feat. Julia Michaels,JP Saxe Featuring Julia Michaels,2020,56,"pop, alt z",0.866,0.473,0,1,0.109,-10.086,1,0.129,75.801,4,0.604
6gxKUmycQX7uyMwJcweFjp,We Paid (feat. 42 Dugg),Lil Baby & 42 Dugg,2020,57,"rap, trap",0.135,0.542,0,1,0.0877,-5.064,1,0.293,135.14,4,0.564
41L3O37CECZt3N7ziG2z7l,Yummy,Justin Bieber,2020,58,"canadian pop, pop",0.366,0.514,0,9,0.116,-6.612,0,0.0897,145.921,4,0.494
7cA3PnUQDlUyBBwpRozQeo,One Man Band,Old Dominion,2020,59,"contemporary country, country, country road",0.677,0.358,0,6,0.107,-8.331,1,0.0347,75.991,4,0.478
4TCc369aRPRubv1m8R1TBG,Got What I Got,Jason Aldean,2020,60,"contemporary country, country, country road",0.621,0.58,1.72E-05,3,0.513,-6.658,0,0.029,159.847,3,0.303
1Cv1YLb4q0RzL6pybtaMLo,Sunday Best,Surfaces,2020,61,"bedroom soul, pop",0.183,0.525,0,5,0.0714,-6.832,1,0.0578,112.022,4,0.694
7FIWs0pqAYbP91WWM0vlTQ,Godzilla (feat. Juice WRLD),Eminem Featuring Juice WRLD,2020,62,"detroit hip hop, hip hop, rap, chicago rap, melodic rap",0.145,0.745,0,10,0.292,-5.26,0,0.342,165.995,4,0.829
6Gg1gjgKi2AK4e0qzsR7sd,Bandit (with YoungBoy Never Broke Again),Juice WRLD & YoungBoy Never Broke Again,2020,63,"chicago rap, melodic rap, baton rouge rap, trap",0.0687,0.631,0,5,0.132,-5.884,0,0.343,180.051,4,0.425
3DA4SE262k6rdEtlHteNyq,Die From A Broken Heart,Maddie & Tae,2020,65,"contemporary country, country, country pop",0.373,0.522,0,9,0.291,-6.633,1,0.0358,76.042,4,0.443
6EDO9iiTtwNv6waLwa1UUq,POPSTAR (feat. Drake),DJ Khaled Featuring Drake,2020,66,"hip hop, rap",0.057,0.56,0,5,0.134,-4.818,0,0.261,163.071,4,0.45
0bYg9bo50gSsH3LtXe2SQn,All I Want for Christmas Is You,Mariah Carey,2020,67,"dance pop, pop, r&b, urban contemporary",0.164,0.627,0,7,0.0708,-7.463,1,0.0384,150.273,4,0.35
14GwnOeC9qYEKEA6uOZepa,One Of Them Girls,Lee Brice,2020,68,"contemporary country, country, country road, modern country rock",0.294,0.79,0,4,0.107,-6.079,1,0.0462,95.987,4,0.8
10xuH52YSXHWFwCaF1fsDd,Hard To Forget,Sam Hunt,2020,69,"contemporary country, country pop",0.23,0.689,0,4,0.57,-5.517,1,0.045,130.069,4,0.664
6NhS5LwYbJ6xD7BGvlWRJO,One Margarita,Luke Bryan,2020,70,"contemporary country, country, country road",0.0969,0.842,0,9,0.169,-4.872,1,0.0464,89.997,4,0.738
1000nHvUdawXuUHgBod4Wv,Panini,Lil Nas X,2019,40,"lgbtq+ hip hop, pop",0.342,0.594,0,5,0.123,-6.146,0,0.0752,153.848,4,0.475
7ge7BHazYbVKi8qyZUX1Bm,Emotionally Scarred,Lil Baby,2020,74,"atl hip hop, atl trap, rap, trap",0.0286,0.641,0,6,0.316,-4.269,0,0.133,88.284,4,0.266
44gRhRi2OhEf7moAUj6MD1,The Bigger Picture,Lil Baby,2020,76,"atl hip hop, atl trap, rap, trap",0.0127,0.618,0,1,0.244,-5.756,1,0.334,96.459,3,0.153
0DiDStADDVh3SvAsoJAFMk,Only Human,Jonas Brothers,2019,78,"boy band, dance pop, pop, post-teen pop",0.108,0.496,0,0,0.0645,-5.883,1,0.0722,94.01,4,0.874
1H7KnK26kc1YyellpbINEn,The Woo (feat. 50 Cent & Roddy Ricch),Pop Smoke Featuring 50 Cent & Roddy Ricch,2020,78,rap,0.0221,0.618,3.77E-06,1,0.259,-5.655,1,0.104,99.7,4,0.286
2u3EyuCqqV31woqGvO9LBz,Sum 2 Prove,Lil Baby,2020,79,"atl hip hop, atl trap, rap, trap",0.0174,0.552,0,4,0.122,-7.57,0,0.324,124.038,4,0.418
4HBZA5flZLE435QTztThqH,Stuck with U (with Justin Bieber),Ariana Grande & Justin Bieber,2020,80,pop,0.223,0.45,0,8,0.382,-6.658,1,0.0418,178.765,3,0.537
5rZlwNFl01HqLWBQGryKSm,Mood Swings (feat. Lil Tjay),Pop Smoke Featuring Lil Tjay,2020,81,brooklyn drill,0.487,0.602,0,10,0.0848,-6.335,0,0.368,179.798,4,0.269
7lidXGPXPYLNThITAOTlkK,You should be sad,Halsey,2020,82,"dance pop, electropop, etherpop, indie poptimism, pop",0.143,0.585,0,2,0.109,-6.35,1,0.0277,110.94,4,0.324
79s5XnCN4TJKTVMSmOx8Ep,Dior,Pop Smoke,2020,83,brooklyn drill,0.212,0.805,0.000389,7,0.408,-5.732,1,0.351,142.094,4,0.648
4nK5YrxbMGZstTLbvj6Gxw,Supalonely,BENEE Featuring Gus Dapperton,2020,84,"alt z, nz pop, pop, bedroom pop, indie pop, indie poptimism",0.305,0.631,3.04E-05,7,0.123,-4.689,1,0.0534,128.977,4,0.817
5Fhe63YOMZsGdB3CgCDuBi,Even Though I'm Leaving,Luke Combs,2020,85,"contemporary country, country",0.225,0.755,0,2,0.301,-6.04,1,0.0319,77.962,4,0.624
39Yp9wwQiSRIDOvrVg7mbk,THE SCOTTS,"THE SCOTTS, Travis Scott & Kid Cudi",2020,86,rap,0.233,0.537,0,0,0.157,-7.648,0,0.0514,129.979,4,0.28
7f5trao56t7sB7f14QDTmp,Juicy,Doja Cat & Tyga,2020,87,dance pop,0.102,0.652,0,0,0.0697,-2.607,1,0.0669,170.031,4,0.483
5f1joOtoMeyppIcJGZQvqJ,Be Like That - feat. Swae Lee & Khalid,Kane Brown With Swae Lee & Khalid,2020,88,"contemporary country, country road, melodic rap, trap, pop, pop r&b",0.0469,0.626,2.58E-05,7,0.126,-8.415,1,0.0726,86.97,4,0.322
30RZAuEkYeDXvy46Iv6l7E,Homesick,Kane Brown,2020,89,"contemporary country, country road",0.46,0.5,0,8,0.234,-8.82,1,0.0303,97.028,4,0.409
0kPeZAyIhIfeZNrtfjJGDB,Bluebird,Miranda Lambert,2020,91,"contemporary country, country, country dawn, country road",0.038,0.633,2.75E-06,7,0.124,-5.986,1,0.0348,81.984,4,0.613
2U5WueTLIK5WJLD7mvDODv,Wishing Well,Juice WRLD,2020,92,"chicago rap, melodic rap",0.00336,0.613,0,9,0.267,-6.13,0,0.128,149.972,4,0.0804
0nGXi46VcQQ56ZJR428MKS,Does To Me (feat. Eric Church),Luke Combs Featuring Eric Church,2020,93,"contemporary country, country",0.311,0.849,0,0,0.311,-4.897,1,0.0373,113.065,4,0.638
48KXAIruJ07kJVCWOGohMV,P*$$Y Fairy (OTW),Jhene Aiko,2020,94,"alternative r&b, dance pop, pop, pop rap, r&b, urban contemporary",0.536,0.519,0,2,0.102,-7.092,0,0.212,128.331,4,0.35
62aP9fBQKYKxi7PDXwcUAS,ily (i love you baby) (feat. Emilee),Surf Mesa Featuring Emilee,2020,95,"tropical house, social media pop",0.0686,0.774,0.00188,11,0.393,-7.567,0,0.0892,112.05,4,0.33
5OELUCYgOHKFAvCERnAvfS,More Than My Hometown,Morgan Wallen,2020,96,contemporary country,0.615,0.869,0,6,0.131,-5.479,1,0.0462,126.019,4,0.597
0nYvjcSlCgjcwogQAwIwNp,Lovin' On You,Luke Combs,2020,97,"contemporary country, country",0.00165,0.949,0.000195,4,0.163,-4.865,1,0.06,118.974,4,0.53
3sKz6Sd72K0ofPWcJPPk6H,Said Sum,Moneybagg Yo,2020,98,"hip hop, memphis hip hop, rap, southern hip hop, tennessee hip hop, trap",0.0185,0.667,0,8,0.1,-6.789,0,0.353,126.998,4,0.274
0nnwn7LWHCAu09jfuH1xTA,Slide,Calvin Harris Featuring Frank Ocean & Migos,2017,71,"alternative rock, neo mellow, permanent wave, pop rock, post-grunge, rock",0.00483,0.843,0,8,0.0404,-4.476,1,0.0374,112.423,4,0.481
4cSSL3YafYjM3yjgFO1vJg,Walk Em Down (feat. Roddy Ricch),NLE Choppa Featuring Roddy Ricch,2020,100,"melodic rap, rap, trap, memphis hip hop",0.268,0.744,0,2,0.0713,-5.171,1,0.227,84.005,4,0.645
